timestamp,state,interface,ssid,bssid,radio_type,channel,signal_percent,authentication,encryption,connected,receive_rate_mbps,transmit_rate_mbps
2026-10-01T17:39:44,Nearby,Wi-Fi,realme GT,,,,,WPA2-Personal,CCMP,False,,
2026-10-01T17:39:44,Nearby,Wi-Fi,realme GT,ae:42:f7:09:86:e7,802.11ac,11.0,96.0,,,False,,
2026-10-01T17:39:44,Connected,Wi-Fi,realme GT,,802.11n,11.0,97.0,,,True,144.4,144.4
2026-10-01T17:39:50,Nearby,Wi-Fi,realme GT,,,,,WPA2-Personal,CCMP,False,,
2026-10-01T17:39:50,Nearby,Wi-Fi,realme GT,ae:42:f7:09:86:e7,802.11ac,11.0,96.0,,,False,,
2026-10-01T17:39:50,Connected,Wi-Fi,realme GT,,802.11n,11.0,97.0,,,True,144.4,144.4
2026-10-01T17:39:54,Nearby,Wi-Fi,realme GT,,,,,WPA2-Personal,CCMP,False,,
2026-10-01T17:39:54,Nearby,Wi-Fi,realme GT,ae:42:f7:09:86:e7,802.11ac,11.0,97.0,,,False,,
2026-10-01T17:39:54,Connected,Wi-Fi,realme GT,,802.11n,11.0,97.0,,,True,144.4,144.4
2026-10-01T17:39:55,Nearby,Wi-Fi,realme GT,,,,,WPA2-Personal,CCMP,False,,
2026-10-01T17:39:55,Nearby,Wi-Fi,realme GT,ae:42:f7:09:86:e7,802.11ac,11.0,97.0,,,False,,
2026-10-01T17:39:55,Connected,Wi-Fi,realme GT,,802.11n,11.0,97.0,,,True,144.4,144.4
2026-10-01T17:40:00,Nearby,Wi-Fi,realme GT,,,,,WPA2-Personal,CCMP,False,,
2026-10-01T17:40:00,Nearby,Wi-Fi,realme GT,ae:42:f7:09:86:e7,802.11ac,11.0,97.0,,,False,,
2026-10-01T17:40:00,Connected,Wi-Fi,realme GT,,802.11n,11.0,97.0,,,True,144.4,144.4
2026-10-01T17:40:05,Nearby,Wi-Fi,realme GT,,,,,WPA2-Personal,CCMP,False,,
2026-10-01T17:40:05,Nearby,Wi-Fi,realme GT,ae:42:f7:09:86:e7,802.11ac,11.0,97.0,,,False,,
2026-10-01T17:40:05,Connected,Wi-Fi,realme GT,,802.11n,11.0,97.0,,,True,144.4,144.4
2026-10-01T17:40:10,Nearby,Wi-Fi,realme GT,,,,,WPA2-Personal,CCMP,False,,
2026-10-01T17:40:10,Nearby,Wi-Fi,realme GT,ae:42:f7:09:86:e7,802.11ac,11.0,97.0,,,False,,
2026-10-01T17:40:10,Connected,Wi-Fi,realme GT,,802.11n,11.0,97.0,,,True,144.4,144.4
2026-10-01T17:40:15,Nearby,Wi-Fi,realme GT,,,,,WPA2-Personal,CCMP,False,,
2026-10-01T17:40:15,Nearby,Wi-Fi,realme GT,ae:42:f7:09:86:e7,802.11ac,11.0,97.0,,,False,,
2026-10-01T17:40:15,Connected,Wi-Fi,realme GT,,802.11n,11.0,97.0,,,True,144.4,144.4
2026-10-01T17:40:20,Nearby,Wi-Fi,realme GT,,,,,WPA2-Personal,CCMP,False,,
2026-10-01T17:40:20,Nearby,Wi-Fi,realme GT,ae:42:f7:09:86:e7,802.11ac,11.0,97.0,,,False,,
2026-10-01T17:40:20,Connected,Wi-Fi,realme GT,,802.11n,11.0,97.0,,,True,144.4,144.4
2026-10-01T17:40:25,Nearby,Wi-Fi,realme GT,,,,,WPA2-Personal,CCMP,False,,
2026-10-01T17:40:25,Nearby,Wi-Fi,realme GT,ae:42:f7:09:86:e7,802.11ac,11.0,97.0,,,False,,
2026-10-01T17:40:25,Connected,Wi-Fi,realme GT,,802.11n,11.0,97.0,,,True,144.4,144.4
2026-10-01T17:40:30,Nearby,Wi-Fi,realme GT,,,,,WPA2-Personal,CCMP,False,,
2026-10-01T17:40:30,Nearby,Wi-Fi,realme GT,ae:42:f7:09:86:e7,802.11ac,11.0,97.0,,,False,,
2026-10-01T17:40:30,Connected,Wi-Fi,realme GT,,802.11n,11.0,97.0,,,True,144.4,144.4
2026-10-01T17:40:35,Nearby,Wi-Fi,realme GT,,,,,WPA2-Personal,CCMP,False,,
2026-10-01T17:40:35,Nearby,Wi-Fi,realme GT,ae:42:f7:09:86:e7,802.11ac,11.0,97.0,,,False,,
2026-10-01T17:40:35,Connected,Wi-Fi,realme GT,,802.11n,11.0,97.0,,,True,144.4,144.4
2026-10-01T17:40:40,Nearby,Wi-Fi,realme GT,,,,,WPA2-Personal,CCMP,False,,
2026-10-01T17:40:40,Nearby,Wi-Fi,realme GT,ae:42:f7:09:86:e7,802.11ac,11.0,97.0,,,False,,
2026-10-01T17:40:40,Connected,Wi-Fi,realme GT,,802.11n,11.0,97.0,,,True,130.0,130.0
2026-10-01T17:40:45,Nearby,Wi-Fi,realme GT,,,,,WPA2-Personal,CCMP,False,,
2026-10-01T17:40:45,Nearby,Wi-Fi,realme GT,ae:42:f7:09:86:e7,802.11ac,11.0,97.0,,,False,,
2026-10-01T17:40:45,Connected,Wi-Fi,realme GT,,802.11n,11.0,97.0,,,True,144.4,130.0
2026-10-01T17:40:50,Nearby,Wi-Fi,realme GT,,,,,WPA2-Personal,CCMP,False,,
2026-10-01T17:40:50,Nearby,Wi-Fi,realme GT,ae:42:f7:09:86:e7,802.11ac,11.0,98.0,,,False,,
2026-10-01T17:40:50,Connected,Wi-Fi,realme GT,,802.11n,11.0,97.0,,,True,144.4,130.0
2026-10-01T17:40:55,Nearby,Wi-Fi,realme GT,,,,,WPA2-Personal,CCMP,False,,
2026-10-01T17:40:55,Nearby,Wi-Fi,realme GT,ae:42:f7:09:86:e7,802.11ac,11.0,98.0,,,False,,
2026-10-01T17:40:55,Connected,Wi-Fi,realme GT,,802.11n,11.0,97.0,,,True,144.4,130.0
2026-10-01T17:41:00,Nearby,Wi-Fi,realme GT,,,,,WPA2-Personal,CCMP,False,,
2026-10-01T17:41:00,Nearby,Wi-Fi,realme GT,ae:42:f7:09:86:e7,802.11ac,11.0,98.0,,,False,,
2026-10-01T17:41:00,Connected,Wi-Fi,realme GT,,802.11n,11.0,97.0,,,True,144.4,130.0
2026-10-01T17:41:22,Nearby,Wi-Fi,realme GT,,,,,WPA2-Personal,CCMP,False,,
2026-10-01T17:41:22,Nearby,Wi-Fi,realme GT,ae:42:f7:09:86:e7,802.11ac,11.0,98.0,,,False,,
2026-10-01T17:41:22,Connected,Wi-Fi,realme GT,,802.11n,11.0,97.0,,,True,144.4,130.0
