timestamp,state,interface,ssid,bssid,radio_type,channel,signal_percent,receive_rate_mbps,transmit_rate_mbps
2026-10-01T17:33:41,connected,Wi-Fi,realme GT,,802.11n,11.0,99.0,144.4,144.4
2026-10-01T17:33:47,connected,Wi-Fi,realme GT,,802.11n,11.0,99.0,144.4,144.4
2026-10-01T17:33:52,connected,Wi-Fi,realme GT,,802.11n,11.0,99.0,144.4,144.4
2026-10-01T17:33:57,connected,Wi-Fi,realme GT,,802.11n,11.0,99.0,130.0,144.4
2026-10-01T17:34:02,connected,Wi-Fi,realme GT,,802.11n,11.0,99.0,117.0,144.4
2026-10-01T17:34:07,connected,Wi-Fi,realme GT,,802.11n,11.0,99.0,72.2,144.4
2026-10-01T17:34:12,connected,Wi-Fi,realme GT,,802.11n,11.0,99.0,144.4,144.4
2026-10-01T17:34:17,connected,Wi-Fi,realme GT,,802.11n,11.0,99.0,144.4,130.0
2026-10-01T17:34:22,connected,Wi-Fi,realme GT,,802.11n,11.0,99.0,144.4,130.0
2026-10-01T17:34:27,connected,Wi-Fi,realme GT,,802.11n,11.0,99.0,144.4,130.0
2026-10-01T17:34:32,connected,Wi-Fi,realme GT,,802.11n,11.0,99.0,117.0,130.0
2026-10-01T17:34:37,connected,Wi-Fi,realme GT,,802.11n,11.0,99.0,144.4,130.0
2026-10-01T17:34:42,connected,Wi-Fi,realme GT,,802.11n,11.0,99.0,144.4,130.0
2026-10-01T17:34:47,connected,Wi-Fi,realme GT,,802.11n,11.0,99.0,144.4,130.0
2026-10-01T17:34:52,connected,Wi-Fi,realme GT,,802.11n,11.0,99.0,144.4,130.0
2026-10-01T17:34:57,connected,Wi-Fi,realme GT,,802.11n,11.0,99.0,144.4,130.0
2026-10-01T17:35:02,connected,Wi-Fi,realme GT,,802.11n,11.0,99.0,144.4,130.0
2026-10-01T17:35:07,connected,Wi-Fi,realme GT,,802.11n,11.0,99.0,144.4,130.0
2026-10-01T17:35:12,connected,Wi-Fi,realme GT,,802.11n,11.0,99.0,144.4,130.0
2026-10-01T17:35:18,connected,Wi-Fi,realme GT,,802.11n,11.0,99.0,144.4,130.0
2026-10-01T17:35:25,connected,Wi-Fi,realme GT,,802.11n,11.0,99.0,144.4,130.0
2026-10-01T17:35:30,connected,Wi-Fi,realme GT,,802.11n,11.0,99.0,144.4,130.0
2026-10-01T17:35:35,connected,Wi-Fi,realme GT,,802.11n,11.0,99.0,144.4,130.0
2026-10-01T17:35:40,connected,Wi-Fi,realme GT,,802.11n,11.0,99.0,144.4,130.0
2026-10-01T17:35:45,connected,Wi-Fi,realme GT,,802.11n,11.0,99.0,144.4,130.0
2026-10-01T17:35:50,connected,Wi-Fi,realme GT,,802.11n,11.0,99.0,144.4,130.0
2026-10-01T17:35:55,connected,Wi-Fi,realme GT,,802.11n,11.0,99.0,144.4,130.0
2026-10-01T17:36:00,connected,Wi-Fi,realme GT,,802.11n,11.0,99.0,144.4,130.0
2026-10-01T17:36:05,connected,Wi-Fi,realme GT,,802.11n,11.0,99.0,144.4,130.0
2026-10-01T17:36:10,connected,Wi-Fi,realme GT,,802.11n,11.0,97.0,144.4,65.0
2026-10-01T17:36:15,connected,Wi-Fi,realme GT,,802.11n,11.0,97.0,144.4,65.0
2026-10-01T17:36:20,connected,Wi-Fi,realme GT,,802.11n,11.0,97.0,144.4,65.0
2026-10-01T17:37:21,connected,Wi-Fi,realme GT,,802.11n,11.0,98.0,144.4,130.0
