observation_id,network_name,rssi_dbm,signal_std_dbm,distance_to_ap_m,connected_devices,avg_download_mbps,peak_usage_hours,frequency_mhz,latitude,longitude,timestamp,cluster
1,Network_D,-51.16,3.36,10.18,6,82.87,12.47,2462,9.925375,78.120704,2025-01-01 08:00:00,2
2,Network_B,-64.49,2.9,16.4,7,45.47,9.17,2437,9.925535,78.121882,2025-01-01 08:05:00,0
3,Network_D,-50.69,2.81,15.08,5,81.87,8.47,2462,9.925375,78.120437,2025-01-01 08:10:00,2
4,Network_C,-67.72,2.46,22.9,7,30.17,21.78,5200,9.924604,78.120193,2025-01-01 08:15:00,1
5,Network_A,-55.89,2.07,8.42,8,54.98,18.75,5180,9.925286,78.120105,2025-01-01 08:20:00,0
6,Network_D,-52.64,1.51,12.51,5,80.4,17.38,2462,9.925819,78.120786,2025-01-01 08:25:00,2
7,Network_D,-59.83,4.16,20.79,9,46.86,15.99,2462,9.924645,78.121898,2025-01-01 08:30:00,0
8,Network_D,-50.48,2.47,6.21,6,83.62,16.54,2462,9.925635,78.121032,2025-01-01 08:35:00,2
9,Network_A,-54.31,1.51,24.44,5,69.02,17.58,5180,9.925763,78.119723,2025-01-01 08:40:00,2
10,Network_B,-55.72,2.75,23.09,4,66.12,20.4,2437,9.925633,78.121504,2025-01-01 08:45:00,2
11,Network_B,-56.39,2.25,19.5,7,58.17,16.95,2437,9.925538,78.121399,2025-01-01 08:50:00,0
12,Network_D,-64.2,4.3,22.74,5,63.69,19.23,2462,9.925355,78.121762,2025-01-01 08:55:00,0
13,Network_C,-46.38,2.42,11.97,6,82.54,12.21,5200,9.924212,78.11609,2025-01-01 09:00:00,2
14,Network_D,-72.87,4.2,35.93,7,29.65,22.65,2462,9.927227,78.121152,2025-01-01 09:05:00,1
15,Network_B,-58.17,3.92,33.11,4,52.04,8.48,2437,9.924888,78.12057,2025-01-01 09:10:00,1
16,Network_A,-47.44,1.77,19.74,3,83.1,13.8,5180,9.925777,78.119772,2025-01-01 09:15:00,2
17,Network_C,-57.27,3.61,17.26,9,61.17,21.23,5200,9.924738,78.119688,2025-01-01 09:20:00,0
18,Network_A,-57.03,3.48,25.63,5,73.35,10.71,5180,9.925396,78.120008,2025-01-01 09:25:00,2
19,Network_D,-64.4,2.93,10.26,6,61.05,10.12,2462,9.925514,78.121342,2025-01-01 09:30:00,2
20,Network_C,-56.7,2.55,23.12,1,74.23,13.48,5200,9.924419,78.118986,2025-01-01 09:35:00,2
21,Network_D,-53.73,2.01,19.6,6,62.65,14.42,2462,9.926095,78.121999,2025-01-01 09:40:00,2
22,Network_B,-49.12,3.16,12.8,5,67.48,22.0,2437,9.925383,78.121023,2025-01-01 09:45:00,2
23,Network_D,-59.7,1.97,20.04,2,57.08,20.54,2462,9.926365,78.121234,2025-01-01 09:50:00,2
24,Network_D,-69.51,3.74,35.28,6,42.7,14.96,2462,9.926466,78.121195,2025-01-01 09:55:00,1
25,Network_D,-62.0,4.0,5.77,9,58.85,22.59,2462,9.927838,78.121726,2025-01-01 10:00:00,0
26,Network_A,-46.59,2.79,8.53,3,86.19,17.63,5180,9.925423,78.120617,2025-01-01 10:05:00,2
27,Network_B,-62.69,3.38,13.62,7,54.9,21.1,2437,9.92427,78.12031,2025-01-01 10:10:00,0
28,Network_A,-52.19,2.95,22.93,2,78.56,11.69,5180,9.92613,78.120592,2025-01-01 10:15:00,2
29,Network_A,-53.23,3.61,19.33,6,79.67,15.33,5180,9.925037,78.119939,2025-01-01 10:20:00,2
30,Network_C,-63.08,4.53,22.89,7,51.62,8.45,5200,9.92631,78.120734,2025-01-01 10:25:00,1
31,Network_D,-49.89,2.51,12.88,4,80.04,8.13,2462,9.927277,78.121678,2025-01-01 10:30:00,2
32,Network_D,-58.74,3.48,16.41,8,52.86,18.58,2462,9.925696,78.1203,2025-01-01 10:35:00,0
33,Network_B,-64.97,4.41,28.83,8,38.45,9.77,2437,9.926378,78.122265,2025-01-01 10:40:00,1
34,Network_B,-59.06,2.1,18.1,3,78.95,16.22,2437,9.925325,78.118718,2025-01-01 10:45:00,2
35,Network_B,-55.84,1.86,21.28,5,66.03,18.44,2437,9.925802,78.12091,2025-01-01 10:50:00,2
36,Network_A,-59.7,2.84,16.05,3,76.08,8.48,5180,9.925741,78.119243,2025-01-01 10:55:00,2
37,Network_A,-59.25,2.52,11.43,5,84.34,14.73,5180,9.92609,78.121306,2025-01-01 11:00:00,2
38,Network_B,-64.88,2.93,23.67,10,54.24,18.26,2437,9.926516,78.120602,2025-01-01 11:05:00,0
39,Network_A,-62.49,3.31,27.77,4,39.64,21.35,5180,9.92526,78.119165,2025-01-01 11:10:00,1
40,Network_C,-52.7,3.61,17.07,3,86.71,12.49,5200,9.926687,78.118987,2025-01-01 11:15:00,2
41,Network_B,-53.24,1.33,9.45,5,71.91,22.61,2437,9.925508,78.119829,2025-01-01 11:20:00,2
42,Network_D,-54.84,4.49,21.97,9,48.59,20.67,2462,9.924814,78.120555,2025-01-01 11:25:00,0
43,Network_C,-56.42,0.71,20.71,4,73.67,17.76,5200,9.923568,78.118937,2025-01-01 11:30:00,2
44,Network_B,-51.91,2.26,14.21,4,67.92,13.88,2437,9.926979,78.119799,2025-01-01 11:35:00,2
45,Network_D,-74.41,4.76,50.0,3,44.58,18.67,2462,9.926039,78.121016,2025-01-01 11:40:00,1
46,Network_D,-64.66,3.21,35.81,6,45.65,20.24,2462,9.926227,78.121113,2025-01-01 11:45:00,1
47,Network_B,-53.66,2.62,20.41,3,71.2,12.55,2437,9.925366,78.119603,2025-01-01 11:50:00,2
48,Network_B,-53.55,2.99,20.8,2,64.16,22.89,2437,9.925438,78.119073,2025-01-01 11:55:00,2
49,Network_C,-68.22,2.63,35.49,9,13.89,21.63,5200,9.92407,78.119449,2025-01-01 12:00:00,1
50,Network_A,-70.5,3.03,30.16,4,49.59,15.28,5180,9.925577,78.120226,2025-01-01 12:05:00,1
51,Network_A,-63.52,3.2,15.5,7,54.08,18.84,5180,9.925122,78.120384,2025-01-01 12:10:00,0
52,Network_A,-58.4,4.41,20.92,5,57.23,15.86,5180,9.925548,78.120241,2025-01-01 12:15:00,0
53,Network_D,-55.26,1.79,15.34,5,76.38,19.41,2462,9.926372,78.122058,2025-01-01 12:20:00,2
54,Network_C,-44.71,1.76,8.04,2,102.0,20.4,5200,9.924359,78.119998,2025-01-01 12:25:00,2
55,Network_C,-51.01,2.35,5.99,8,77.73,8.35,5200,9.923533,78.121344,2025-01-01 12:30:00,2
56,Network_D,-55.91,2.39,18.36,7,64.28,9.19,2462,9.924863,78.123281,2025-01-01 12:35:00,2
57,Network_B,-71.44,4.0,35.16,4,50.94,13.05,2437,9.928221,78.118994,2025-01-01 12:40:00,1
58,Network_C,-54.08,2.79,14.67,5,66.93,21.76,5200,9.925883,78.117442,2025-01-01 12:45:00,2
59,Network_A,-65.2,3.27,16.67,10,42.4,13.97,5180,9.926272,78.119794,2025-01-01 12:50:00,0
60,Network_A,-52.9,2.66,12.54,7,60.09,21.31,5180,9.92466,78.120203,2025-01-01 12:55:00,0
61,Network_C,-55.12,1.92,6.17,4,82.34,14.94,5200,9.924708,78.119139,2025-01-01 13:00:00,2
62,Network_B,-55.54,3.08,13.59,9,67.22,12.33,2437,9.925148,78.120963,2025-01-01 13:05:00,0
63,Network_C,-60.87,1.79,16.15,5,60.12,21.51,5200,9.92365,78.118984,2025-01-01 13:10:00,2
64,Network_D,-56.75,2.46,17.87,4,76.07,16.41,2462,9.925629,78.120245,2025-01-01 13:15:00,2
65,Network_C,-63.3,3.26,31.65,7,37.53,13.41,5200,9.925761,78.118766,2025-01-01 13:20:00,1
66,Network_C,-56.59,2.15,21.39,4,77.21,8.67,5200,9.925373,78.11904,2025-01-01 13:25:00,2
67,Network_C,-74.52,3.86,31.91,8,36.2,9.66,5200,9.923924,78.119875,2025-01-01 13:30:00,1
68,Network_B,-61.15,2.98,22.86,4,86.88,10.09,2437,9.925548,78.120011,2025-01-01 13:35:00,2
69,Network_A,-63.71,2.32,21.69,4,61.81,13.47,5180,9.925799,78.119569,2025-01-01 13:40:00,2
70,Network_B,-70.47,3.6,23.98,9,45.64,17.11,2437,9.925343,78.120856,2025-01-01 13:45:00,1
71,Network_A,-46.83,3.65,9.85,1,120.56,12.61,5180,9.925264,78.119641,2025-01-01 13:50:00,2
72,Network_B,-59.97,4.92,25.86,6,61.49,8.98,2437,9.926121,78.121293,2025-01-01 13:55:00,1
73,Network_D,-50.7,1.72,13.64,4,82.76,11.97,2462,9.926413,78.120064,2025-01-01 14:00:00,2
74,Network_A,-53.82,2.56,13.9,8,61.45,14.13,5180,9.925403,78.118891,2025-01-01 14:05:00,0
75,Network_A,-59.99,2.87,16.84,10,56.34,22.88,5180,9.924677,78.120044,2025-01-01 14:10:00,0
76,Network_B,-58.48,4.47,12.91,10,50.99,13.89,2437,9.925359,78.120723,2025-01-01 14:15:00,0
77,Network_B,-50.85,1.58,8.71,1,98.37,9.34,2437,9.924893,78.119708,2025-01-01 14:20:00,2
78,Network_C,-60.32,3.71,16.1,9,55.03,16.72,5200,9.923451,78.120275,2025-01-01 14:25:00,0
79,Network_C,-56.15,3.81,13.94,2,72.2,21.79,5200,9.924608,78.12074,2025-01-01 14:30:00,2
80,Network_D,-64.85,4.35,13.65,14,25.86,19.8,2462,9.926753,78.120298,2025-01-01 14:35:00,0
81,Network_C,-54.89,3.52,15.15,6,76.45,20.54,5200,9.923596,78.12039,2025-01-01 14:40:00,0
82,Network_B,-47.91,2.93,4.52,5,78.03,21.92,2437,9.926018,78.118494,2025-01-01 14:45:00,2
83,Network_D,-40.25,2.09,13.71,4,82.36,17.55,2462,9.926728,78.121661,2025-01-01 14:50:00,2
84,Network_A,-73.04,4.28,34.24,6,39.41,22.92,5180,9.923731,78.119114,2025-01-01 14:55:00,1
85,Network_A,-67.13,2.72,32.67,6,43.99,8.5,5180,9.924984,78.120581,2025-01-01 15:00:00,1
86,Network_A,-62.67,4.24,16.43,7,57.37,20.52,5180,9.926517,78.119031,2025-01-01 15:05:00,0
87,Network_C,-59.22,2.87,16.1,8,61.59,20.86,5200,9.925142,78.119145,2025-01-01 15:10:00,0
88,Network_B,-53.93,3.2,4.07,11,62.8,21.75,2437,9.924304,78.119752,2025-01-01 15:15:00,0
89,Network_A,-48.61,1.82,11.53,5,66.6,15.17,5180,9.925727,78.119629,2025-01-01 15:20:00,2
90,Network_B,-61.79,2.26,23.84,5,62.34,19.82,2437,9.925202,78.121864,2025-01-01 15:25:00,2
91,Network_A,-58.04,3.28,12.73,10,60.02,10.93,5180,9.925753,78.119714,2025-01-01 15:30:00,0
92,Network_C,-64.81,1.17,28.6,5,53.25,17.05,5200,9.924148,78.120888,2025-01-01 15:35:00,1
93,Network_B,-70.75,3.44,27.6,8,42.11,13.38,2437,9.925758,78.120091,2025-01-01 15:40:00,1
94,Network_B,-52.72,1.92,11.4,3,72.89,16.94,2437,9.92537,78.121593,2025-01-01 15:45:00,2
95,Network_B,-56.28,3.28,17.15,4,74.64,18.13,2437,9.925803,78.119099,2025-01-01 15:50:00,2
96,Network_C,-70.19,4.17,35.82,8,26.44,13.21,5200,9.924246,78.118971,2025-01-01 15:55:00,1
97,Network_B,-50.19,2.72,6.66,9,73.24,11.24,2437,9.925621,78.119971,2025-01-01 16:00:00,2
98,Network_A,-54.72,2.54,12.89,6,75.9,12.83,5180,9.92426,78.12103,2025-01-01 16:05:00,2
99,Network_A,-49.61,2.37,6.3,5,93.82,17.96,5180,9.925593,78.119948,2025-01-01 16:10:00,2
100,Network_D,-56.62,3.64,9.44,4,71.97,18.15,2462,9.92624,78.11913,2025-01-01 16:15:00,2
101,Network_D,-68.73,2.61,41.98,4,52.29,19.12,2462,9.924807,78.119752,2025-01-01 16:20:00,1
102,Network_C,-56.56,2.33,12.89,6,80.48,9.9,5200,9.925494,78.11839,2025-01-01 16:25:00,2
103,Network_A,-43.86,1.44,4.99,4,86.3,20.28,5180,9.925059,78.120547,2025-01-01 16:30:00,2
104,Network_D,-43.96,1.25,8.66,4,81.93,18.32,2462,9.926229,78.121444,2025-01-01 16:35:00,2
105,Network_D,-50.93,3.15,5.96,7,69.2,8.46,2462,9.926712,78.12056,2025-01-01 16:40:00,2
106,Network_C,-59.99,3.0,17.54,5,71.02,13.03,5200,9.924963,78.118761,2025-01-01 16:45:00,2
107,Network_B,-59.68,4.3,20.48,7,55.65,15.0,2437,9.926732,78.120973,2025-01-01 16:50:00,0
108,Network_B,-58.25,3.52,26.06,3,79.11,13.41,2437,9.925565,78.119496,2025-01-01 16:55:00,2
109,Network_A,-59.88,4.72,23.1,4,62.05,9.76,5180,9.926028,78.120166,2025-01-01 17:00:00,1
110,Network_D,-51.19,2.51,6.83,5,78.04,11.11,2462,9.926198,78.121098,2025-01-01 17:05:00,2
111,Network_B,-56.07,2.87,19.88,6,69.99,8.37,2437,9.926206,78.12018,2025-01-01 17:10:00,2
112,Network_A,-49.41,1.19,14.76,2,83.6,9.4,5180,9.925523,78.120118,2025-01-01 17:15:00,2
113,Network_B,-65.16,3.84,28.26,6,53.27,11.99,2437,9.926793,78.120482,2025-01-01 17:20:00,1
114,Network_C,-70.73,3.83,24.63,9,43.82,20.3,5200,9.925277,78.119598,2025-01-01 17:25:00,1
115,Network_A,-80.16,5.67,45.21,14,5.57,15.9,5180,9.924846,78.118733,2025-01-01 17:30:00,1
116,Network_D,-57.06,2.44,9.06,9,68.17,14.37,2462,9.925587,78.121292,2025-01-01 17:35:00,0
117,Network_D,-50.86,3.25,8.33,7,78.81,17.93,2462,9.92606,78.121621,2025-01-01 17:40:00,2
118,Network_C,-51.66,2.86,11.95,5,67.42,16.12,5200,9.924092,78.119457,2025-01-01 17:45:00,2
119,Network_B,-60.98,2.71,15.11,4,75.57,9.97,2437,9.924958,78.120881,2025-01-01 17:50:00,2
120,Network_C,-52.88,2.48,10.62,7,76.68,11.34,5200,9.922998,78.119112,2025-01-01 17:55:00,2
121,Network_C,-48.51,3.58,9.33,5,93.06,11.34,5200,9.923461,78.119913,2025-01-01 18:00:00,2
122,Network_C,-61.58,5.96,19.12,13,49.4,17.0,5200,9.926288,78.119252,2025-01-01 18:05:00,0
123,Network_A,-53.58,2.17,11.93,7,72.14,14.92,5180,9.924675,78.118882,2025-01-01 18:10:00,2
124,Network_B,-60.04,3.42,10.36,6,79.75,13.81,2437,9.927323,78.121056,2025-01-01 18:15:00,2
125,Network_A,-42.03,0.5,6.82,3,97.02,16.35,5180,9.925523,78.118493,2025-01-01 18:20:00,2
126,Network_B,-47.39,3.4,4.2,7,76.31,22.55,2437,9.92576,78.120626,2025-01-01 18:25:00,0
127,Network_B,-70.04,1.56,33.28,4,47.71,12.71,2437,9.9246,78.120093,2025-01-01 18:30:00,1
128,Network_A,-70.71,3.16,32.7,7,45.59,15.8,5180,9.925204,78.119441,2025-01-01 18:35:00,1
129,Network_A,-58.97,1.8,25.07,4,63.86,15.21,5180,9.926714,78.119938,2025-01-01 18:40:00,2
130,Network_C,-58.62,3.31,21.75,8,68.59,18.75,5200,9.925946,78.118633,2025-01-01 18:45:00,0
131,Network_A,-56.49,3.89,11.29,8,81.0,18.95,5180,9.925419,78.12021,2025-01-01 18:50:00,0
132,Network_D,-56.57,1.65,22.26,6,68.98,18.94,2462,9.925181,78.120845,2025-01-01 18:55:00,2
133,Network_C,-62.27,3.39,8.0,11,69.97,11.02,5200,9.923934,78.118706,2025-01-01 19:00:00,0
134,Network_B,-59.66,2.41,16.91,5,57.32,14.74,2437,9.925118,78.121471,2025-01-01 19:05:00,2
135,Network_C,-60.07,4.09,9.86,6,54.14,20.17,5200,9.925723,78.119364,2025-01-01 19:10:00,0
136,Network_A,-61.7,3.12,22.32,4,63.78,13.72,5180,9.926505,78.120305,2025-01-01 19:15:00,2
137,Network_D,-64.47,2.75,37.24,7,33.23,22.76,2462,9.926257,78.121933,2025-01-01 19:20:00,1
138,Network_B,-40.08,1.88,8.64,3,98.25,13.47,2437,9.925558,78.12152,2025-01-01 19:25:00,2
139,Network_D,-49.31,3.58,11.62,3,75.7,15.47,2462,9.927339,78.121264,2025-01-01 19:30:00,2
140,Network_A,-57.03,3.21,16.73,4,84.19,15.12,5180,9.924417,78.119558,2025-01-01 19:35:00,2
141,Network_B,-52.42,2.52,5.28,9,91.67,14.5,2437,9.925841,78.119256,2025-01-01 19:40:00,2
142,Network_B,-48.38,2.7,6.11,7,85.94,20.68,2437,9.92617,78.120565,2025-01-01 19:45:00,2
143,Network_D,-73.64,2.95,36.6,4,52.97,10.33,2462,9.92541,78.121676,2025-01-01 19:50:00,1
144,Network_C,-64.65,3.53,19.17,11,48.81,16.51,5200,9.924191,78.119483,2025-01-01 19:55:00,0
145,Network_B,-48.57,1.85,10.93,8,69.26,17.28,2437,9.925229,78.117644,2025-01-01 20:00:00,2
146,Network_A,-60.69,2.61,15.7,7,57.21,20.77,5180,9.926333,78.120496,2025-01-01 20:05:00,0
147,Network_B,-57.08,4.17,11.98,7,86.96,17.14,2437,9.927331,78.121145,2025-01-01 20:10:00,0
148,Network_C,-56.41,2.7,17.02,6,56.33,22.4,5200,9.924792,78.118959,2025-01-01 20:15:00,0
149,Network_B,-49.52,2.26,12.24,3,76.37,21.08,2437,9.925585,78.121191,2025-01-01 20:20:00,2
150,Network_A,-56.75,2.89,14.99,5,82.71,13.23,5180,9.92472,78.120302,2025-01-01 20:25:00,2
151,Network_D,-61.25,5.12,23.48,7,59.4,20.9,2462,9.926101,78.120252,2025-01-01 20:30:00,0
152,Network_D,-58.56,3.33,22.61,7,43.48,22.38,2462,9.92566,78.121817,2025-01-01 20:35:00,0
153,Network_A,-58.77,3.98,35.41,4,57.22,11.86,5180,9.925122,78.118786,2025-01-01 20:40:00,1
154,Network_C,-57.08,2.24,19.97,4,68.17,17.15,5200,9.925031,78.119154,2025-01-01 20:45:00,2
155,Network_A,-55.25,2.6,16.29,5,74.85,12.23,5180,9.924876,78.119674,2025-01-01 20:50:00,2
156,Network_C,-61.61,3.01,38.49,3,64.34,17.74,5200,9.924548,78.11854,2025-01-01 20:55:00,1
157,Network_B,-56.76,2.31,14.09,6,65.38,9.4,2437,9.925652,78.120643,2025-01-01 21:00:00,2
158,Network_C,-50.83,1.99,4.36,3,97.53,19.01,5200,9.924446,78.120248,2025-01-01 21:05:00,2
159,Network_C,-61.71,4.1,25.25,7,56.85,14.3,5200,9.924347,78.120198,2025-01-01 21:10:00,0
160,Network_D,-49.59,1.68,18.61,2,104.64,16.81,2462,9.92671,78.121379,2025-01-01 21:15:00,2
161,Network_A,-52.46,2.62,15.85,4,82.53,8.39,5180,9.923783,78.118443,2025-01-01 21:20:00,2
162,Network_D,-62.45,3.79,25.64,6,54.1,18.43,2462,9.927359,78.119731,2025-01-01 21:25:00,0
163,Network_A,-58.29,2.05,12.3,5,79.0,15.44,5180,9.925308,78.119933,2025-01-01 21:30:00,2
164,Network_A,-46.73,3.21,4.45,4,90.52,17.38,5180,9.925688,78.119773,2025-01-01 21:35:00,2
165,Network_C,-55.53,2.93,25.94,4,55.14,12.74,5200,9.92528,78.118802,2025-01-01 21:40:00,2
166,Network_B,-58.2,2.9,10.71,7,68.36,10.19,2437,9.925234,78.121924,2025-01-01 21:45:00,2
167,Network_D,-54.82,1.73,8.84,9,67.44,14.53,2462,9.925369,78.120885,2025-01-01 21:50:00,2
168,Network_D,-51.71,2.75,4.55,8,55.31,22.16,2462,9.925274,78.121234,2025-01-01 21:55:00,0
169,Network_B,-64.24,3.49,24.68,6,56.18,11.42,2437,9.925602,78.12119,2025-01-01 22:00:00,1
170,Network_D,-52.28,5.15,3.8,12,48.77,18.14,2462,9.926659,78.120844,2025-01-01 22:05:00,0
171,Network_B,-63.37,3.65,31.76,5,52.2,8.75,2437,9.925333,78.122473,2025-01-01 22:10:00,1
172,Network_C,-53.03,3.99,13.02,7,71.86,18.77,5200,9.925186,78.118448,2025-01-01 22:15:00,0
173,Network_A,-62.2,1.53,25.37,2,69.76,11.58,5180,9.923306,78.119315,2025-01-01 22:20:00,2
174,Network_D,-65.19,2.99,20.32,6,55.83,14.77,2462,9.925792,78.120046,2025-01-01 22:25:00,0
175,Network_A,-73.89,4.98,42.67,8,28.02,13.52,5180,9.926134,78.12105,2025-01-01 22:30:00,1
176,Network_A,-59.53,2.19,20.0,5,61.18,9.69,5180,9.925063,78.120442,2025-01-01 22:35:00,2
177,Network_B,-59.15,4.31,31.08,7,54.19,13.18,2437,9.925137,78.119965,2025-01-01 22:40:00,1
178,Network_D,-46.17,3.63,11.4,7,81.65,13.25,2462,9.925575,78.120109,2025-01-01 22:45:00,2
179,Network_D,-44.1,3.49,6.09,9,74.53,15.83,2462,9.923678,78.121908,2025-01-01 22:50:00,0
180,Network_D,-69.85,3.55,27.68,9,32.06,22.59,2462,9.925291,78.121089,2025-01-01 22:55:00,1
181,Network_D,-50.62,2.66,6.0,10,75.0,15.05,2462,9.926946,78.121928,2025-01-01 23:00:00,0
182,Network_D,-58.76,4.79,24.53,7,48.62,21.72,2462,9.925634,78.120752,2025-01-01 23:05:00,0
183,Network_C,-45.93,2.93,8.25,4,111.25,14.92,5200,9.924328,78.119609,2025-01-01 23:10:00,2
184,Network_B,-59.95,3.5,18.82,7,61.4,9.61,2437,9.923935,78.12064,2025-01-01 23:15:00,0
185,Network_D,-64.72,2.61,43.14,2,51.02,11.45,2462,9.924795,78.120301,2025-01-01 23:20:00,1
186,Network_C,-58.82,2.84,23.42,4,64.87,14.11,5200,9.925652,78.119085,2025-01-01 23:25:00,2
187,Network_B,-54.97,3.24,14.13,7,63.02,12.88,2437,9.926294,78.119453,2025-01-01 23:30:00,0
188,Network_A,-68.54,4.13,20.6,10,42.45,20.99,5180,9.924162,78.120195,2025-01-01 23:35:00,0
189,Network_D,-53.99,4.18,11.65,10,57.62,18.18,2462,9.925596,78.121409,2025-01-01 23:40:00,0
190,Network_A,-76.24,2.66,50.0,3,29.93,16.67,5180,9.925177,78.120592,2025-01-01 23:45:00,1
191,Network_D,-50.2,1.66,10.24,6,76.63,15.37,2462,9.925143,78.121333,2025-01-01 23:50:00,2
192,Network_A,-52.44,2.66,15.05,4,72.71,13.96,5180,9.923597,78.119697,2025-01-01 23:55:00,2
193,Network_A,-59.12,1.74,22.22,6,49.1,17.18,5180,9.925073,78.121042,2025-01-02 00:00:00,2
194,Network_D,-55.71,2.27,19.74,3,72.97,9.87,2462,9.926558,78.121514,2025-01-02 00:05:00,2
195,Network_A,-55.04,2.52,21.05,5,77.91,10.44,5180,9.925673,78.120911,2025-01-02 00:10:00,2
196,Network_A,-52.06,2.91,11.79,4,84.97,12.55,5180,9.9259,78.120961,2025-01-02 00:15:00,2
197,Network_C,-58.38,4.15,13.79,4,88.38,10.57,5200,9.923457,78.1191,2025-01-02 00:20:00,2
198,Network_D,-59.73,1.52,26.94,5,65.75,18.16,2462,9.926146,78.12111,2025-01-02 00:25:00,2
199,Network_A,-64.74,4.87,26.17,5,62.06,8.37,5180,9.924985,78.12042,2025-01-02 00:30:00,1
200,Network_B,-61.91,2.53,20.01,4,82.94,10.4,2437,9.92573,78.119481,2025-01-02 00:35:00,2
201,Network_D,-74.76,4.41,33.34,10,19.62,21.54,2462,9.925931,78.119898,2025-01-02 00:40:00,1
202,Network_D,-59.48,1.6,27.56,3,55.8,22.96,2462,9.925572,78.119761,2025-01-02 00:45:00,2
203,Network_B,-61.6,3.84,25.71,5,61.11,15.31,2437,9.923386,78.120314,2025-01-02 00:50:00,1
204,Network_A,-55.09,2.22,5.94,3,99.96,15.43,5180,9.926129,78.119533,2025-01-02 00:55:00,2
205,Network_A,-63.45,3.75,19.87,10,45.13,19.6,5180,9.925464,78.118651,2025-01-02 01:00:00,0
206,Network_A,-55.02,2.02,17.84,9,57.37,8.54,5180,9.924013,78.119919,2025-01-02 01:05:00,2
207,Network_A,-69.6,3.35,35.83,5,50.71,14.41,5180,9.925579,78.119724,2025-01-02 01:10:00,1
208,Network_C,-54.62,3.44,14.55,5,69.66,9.5,5200,9.924342,78.120146,2025-01-02 01:15:00,2
209,Network_A,-52.27,2.82,16.99,6,78.17,14.01,5180,9.924865,78.12141,2025-01-02 01:20:00,2
210,Network_C,-46.64,3.54,8.19,5,80.35,22.76,5200,9.924085,78.119565,2025-01-02 01:25:00,2
211,Network_C,-49.04,4.07,9.12,8,71.35,19.3,5200,9.92513,78.118643,2025-01-02 01:30:00,0
212,Network_C,-80.73,3.14,35.9,7,22.96,22.78,5200,9.92406,78.119717,2025-01-02 01:35:00,1
213,Network_A,-49.42,3.84,21.0,3,65.42,19.19,5180,9.924323,78.119807,2025-01-02 01:40:00,2
214,Network_D,-73.63,4.24,43.2,9,26.91,17.12,2462,9.927005,78.120608,2025-01-02 01:45:00,1
215,Network_C,-42.21,2.44,14.4,3,85.17,19.31,5200,9.924557,78.118511,2025-01-02 01:50:00,2
216,Network_C,-52.88,2.83,6.69,6,102.17,17.89,5200,9.924582,78.118829,2025-01-02 01:55:00,2
217,Network_A,-59.24,2.61,13.21,4,76.77,14.96,5180,9.925754,78.119658,2025-01-02 02:00:00,2
218,Network_A,-51.31,0.5,11.91,4,79.25,12.39,5180,9.924666,78.120443,2025-01-02 02:05:00,2
219,Network_D,-63.84,3.39,23.9,8,41.3,15.8,2462,9.925725,78.121209,2025-01-02 02:10:00,1
220,Network_B,-57.06,1.89,23.34,5,77.73,11.88,2437,9.926045,78.12186,2025-01-02 02:15:00,2
221,Network_B,-57.85,4.96,21.62,9,54.23,15.3,2437,9.924567,78.120939,2025-01-02 02:20:00,0
222,Network_B,-78.25,5.1,50.0,6,18.13,10.19,2437,9.925977,78.120739,2025-01-02 02:25:00,1
223,Network_C,-66.4,3.89,32.22,5,54.44,16.48,5200,9.924095,78.118955,2025-01-02 02:30:00,1
224,Network_D,-49.48,2.63,9.49,6,87.37,11.68,2462,9.926784,78.11997,2025-01-02 02:35:00,2
225,Network_B,-65.58,2.66,28.09,7,55.3,12.4,2437,9.926237,78.119944,2025-01-02 02:40:00,1
226,Network_D,-57.38,2.46,16.34,6,69.7,15.49,2462,9.926432,78.12024,2025-01-02 02:45:00,2
227,Network_A,-50.46,4.49,14.16,6,79.01,10.44,5180,9.923914,78.117751,2025-01-02 02:50:00,2
228,Network_C,-61.93,2.71,34.57,5,45.22,22.44,5200,9.924617,78.118393,2025-01-02 02:55:00,1
229,Network_C,-47.91,1.1,9.14,7,83.92,14.7,5200,9.923758,78.120482,2025-01-02 03:00:00,2
230,Network_A,-60.93,3.54,27.0,3,69.67,13.28,5180,9.925171,78.120095,2025-01-02 03:05:00,2
231,Network_A,-68.13,4.03,24.57,4,67.3,8.44,5180,9.923348,78.119499,2025-01-02 03:10:00,1
232,Network_B,-47.37,3.23,9.04,1,91.17,20.65,2437,9.924567,78.120719,2025-01-02 03:15:00,2
233,Network_D,-51.33,3.38,5.84,5,78.55,17.39,2462,9.927051,78.119237,2025-01-02 03:20:00,2
234,Network_C,-54.05,3.56,15.28,4,77.73,14.25,5200,9.924995,78.119426,2025-01-02 03:25:00,2
235,Network_D,-64.87,2.83,29.98,3,66.31,11.68,2462,9.925817,78.121822,2025-01-02 03:30:00,1
236,Network_D,-60.17,1.77,19.83,8,40.22,19.18,2462,9.925373,78.120703,2025-01-02 03:35:00,0
237,Network_B,-69.75,2.94,35.22,3,27.11,22.18,2437,9.924933,78.118982,2025-01-02 03:40:00,1
238,Network_D,-63.8,3.73,19.04,7,66.06,13.71,2462,9.92626,78.120469,2025-01-02 03:45:00,0
239,Network_A,-64.3,3.39,36.6,6,59.93,10.02,5180,9.924925,78.120823,2025-01-02 03:50:00,1
240,Network_A,-54.74,2.35,11.17,4,71.19,9.64,5180,9.926437,78.120007,2025-01-02 03:55:00,2
241,Network_D,-60.32,2.53,21.58,7,60.92,8.1,2462,9.925952,78.119665,2025-01-02 04:00:00,2
242,Network_D,-49.8,2.09,12.64,6,72.0,19.16,2462,9.926147,78.122694,2025-01-02 04:05:00,2
243,Network_A,-50.6,4.25,15.0,5,66.15,22.72,5180,9.924089,78.118797,2025-01-02 04:10:00,0
244,Network_C,-55.94,5.04,16.95,9,53.0,22.89,5200,9.924411,78.119006,2025-01-02 04:15:00,0
245,Network_C,-57.05,3.07,19.79,6,51.39,19.76,5200,9.924842,78.11837,2025-01-02 04:20:00,0
246,Network_D,-48.29,2.88,10.29,5,76.55,10.43,2462,9.925802,78.119971,2025-01-02 04:25:00,2
247,Network_C,-51.74,1.96,20.97,4,63.07,22.67,5200,9.924311,78.118838,2025-01-02 04:30:00,2
248,Network_B,-53.5,3.33,16.46,5,74.67,12.92,2437,9.926062,78.120909,2025-01-02 04:35:00,2
249,Network_B,-57.23,4.16,6.9,6,67.75,13.0,2437,9.927012,78.121432,2025-01-02 04:40:00,0
250,Network_B,-49.23,1.13,5.4,4,94.58,18.31,2437,9.925916,78.120091,2025-01-02 04:45:00,2
251,Network_C,-61.25,3.52,30.05,5,54.94,8.74,5200,9.925615,78.118392,2025-01-02 04:50:00,1
252,Network_D,-60.98,4.1,14.57,10,46.49,20.39,2462,9.926597,78.121183,2025-01-02 04:55:00,0
253,Network_B,-42.24,2.98,6.5,5,84.34,22.96,2437,9.926667,78.120806,2025-01-02 05:00:00,2
254,Network_A,-70.83,4.72,40.11,5,35.35,19.63,5180,9.924712,78.119992,2025-01-02 05:05:00,1
255,Network_A,-57.71,4.4,22.23,4,71.46,19.73,5180,9.925034,78.120021,2025-01-02 05:10:00,0
256,Network_D,-53.56,2.88,19.48,6,63.33,13.85,2462,9.925938,78.12071,2025-01-02 05:15:00,2
257,Network_D,-48.87,2.64,9.75,2,82.18,8.99,2462,9.926537,78.120879,2025-01-02 05:20:00,2
258,Network_A,-49.14,2.82,6.84,6,76.22,19.89,5180,9.925834,78.119655,2025-01-02 05:25:00,2
259,Network_A,-53.41,2.52,17.85,6,72.66,16.96,5180,9.9253,78.120656,2025-01-02 05:30:00,2
260,Network_C,-60.69,3.01,15.85,5,50.25,21.64,5200,9.925401,78.120983,2025-01-02 05:35:00,0
261,Network_A,-51.91,3.32,8.26,6,69.68,9.74,5180,9.924749,78.119944,2025-01-02 05:40:00,2
262,Network_D,-45.55,2.6,8.1,4,93.82,12.58,2462,9.926808,78.120795,2025-01-02 05:45:00,2
263,Network_B,-56.55,3.33,7.87,13,51.72,13.41,2437,9.926613,78.120605,2025-01-02 05:50:00,0
264,Network_A,-43.64,2.22,7.71,5,77.64,18.25,5180,9.925742,78.119274,2025-01-02 05:55:00,2
265,Network_D,-62.43,3.21,10.96,10,60.07,19.82,2462,9.926207,78.121412,2025-01-02 06:00:00,0
266,Network_A,-65.73,2.57,19.49,7,40.66,22.42,5180,9.925771,78.120153,2025-01-02 06:05:00,0
267,Network_B,-55.36,3.19,21.44,5,79.53,12.43,2437,9.925085,78.120064,2025-01-02 06:10:00,2
268,Network_A,-53.01,3.49,15.66,7,71.72,15.4,5180,9.925359,78.120522,2025-01-02 06:15:00,0
269,Network_A,-55.67,3.44,17.37,4,78.15,8.43,5180,9.92544,78.119815,2025-01-02 06:20:00,2
270,Network_A,-57.23,2.26,22.04,5,66.41,11.79,5180,9.924136,78.119024,2025-01-02 06:25:00,2
271,Network_A,-44.61,2.06,4.76,5,71.81,13.61,5180,9.92558,78.120081,2025-01-02 06:30:00,2
272,Network_A,-55.97,3.38,18.18,1,73.89,16.91,5180,9.924201,78.11999,2025-01-02 06:35:00,2
273,Network_A,-67.02,2.73,33.06,3,54.93,15.06,5180,9.924858,78.120568,2025-01-02 06:40:00,1
274,Network_C,-55.77,3.32,14.35,8,70.08,13.47,5200,9.924732,78.119865,2025-01-02 06:45:00,0
275,Network_C,-59.95,2.99,29.34,5,45.0,17.36,5200,9.924115,78.119113,2025-01-02 06:50:00,1
276,Network_B,-59.49,3.85,14.5,6,61.62,20.43,2437,9.925866,78.120022,2025-01-02 06:55:00,0
277,Network_B,-61.98,4.27,22.9,7,48.56,11.63,2437,9.925853,78.120401,2025-01-02 07:00:00,1
278,Network_C,-56.19,3.41,19.25,3,78.45,13.14,5200,9.924044,78.119491,2025-01-02 07:05:00,2
279,Network_D,-46.99,2.44,7.79,4,87.91,18.57,2462,9.926554,78.121187,2025-01-02 07:10:00,2
280,Network_D,-49.4,1.74,8.87,4,88.73,19.67,2462,9.925489,78.121041,2025-01-02 07:15:00,2
281,Network_A,-74.97,5.76,36.6,10,28.6,20.38,5180,9.92703,78.119727,2025-01-02 07:20:00,1
282,Network_A,-60.81,4.63,25.86,10,52.01,11.14,5180,9.925112,78.120597,2025-01-02 07:25:00,0
283,Network_A,-55.56,2.23,15.09,4,84.48,16.09,5180,9.924263,78.119261,2025-01-02 07:30:00,2
284,Network_A,-52.92,3.53,13.93,3,71.87,21.5,5180,9.924413,78.121784,2025-01-02 07:35:00,2
285,Network_C,-59.03,2.58,9.79,7,92.76,13.88,5200,9.925618,78.11981,2025-01-02 07:40:00,2
286,Network_B,-61.4,4.21,20.23,6,53.05,14.45,2437,9.925473,78.119498,2025-01-02 07:45:00,0
287,Network_A,-48.23,3.66,10.29,4,72.4,22.77,5180,9.924109,78.119948,2025-01-02 07:50:00,2
288,Network_B,-53.39,2.34,12.87,7,80.44,9.7,2437,9.926483,78.121018,2025-01-02 07:55:00,2
289,Network_C,-49.21,3.14,10.93,5,86.91,18.58,5200,9.924368,78.118921,2025-01-02 08:00:00,2
290,Network_A,-57.6,3.47,24.92,4,64.69,20.75,5180,9.925723,78.118604,2025-01-02 08:05:00,0
291,Network_D,-44.82,4.68,14.72,4,93.48,10.26,2462,9.926848,78.119969,2025-01-02 08:10:00,2
292,Network_A,-58.83,2.24,17.45,5,49.92,18.72,5180,9.92542,78.120234,2025-01-02 08:15:00,2
293,Network_D,-58.8,4.28,7.88,8,81.84,15.05,2462,9.928017,78.119396,2025-01-02 08:20:00,0
294,Network_A,-59.38,3.41,10.89,9,54.41,20.79,5180,9.92382,78.118641,2025-01-02 08:25:00,0
295,Network_D,-58.81,1.85,17.68,5,70.62,21.61,2462,9.925446,78.121229,2025-01-02 08:30:00,2
296,Network_D,-49.6,1.91,6.01,2,71.03,21.09,2462,9.925895,78.120622,2025-01-02 08:35:00,2
297,Network_D,-51.47,2.39,14.07,3,87.0,8.97,2462,9.927909,78.120243,2025-01-02 08:40:00,2
298,Network_D,-54.35,2.85,15.94,10,52.69,19.35,2462,9.927538,78.120404,2025-01-02 08:45:00,0
299,Network_D,-42.21,2.65,7.33,4,91.04,21.82,2462,9.927131,78.119623,2025-01-02 08:50:00,2
300,Network_C,-61.06,3.88,28.58,5,61.45,17.32,5200,9.924065,78.119588,2025-01-02 08:55:00,1
301,Network_D,-49.61,3.26,19.66,6,77.32,17.01,2462,9.925558,78.120155,2025-01-02 09:00:00,2
302,Network_A,-59.05,3.05,14.66,9,52.64,8.68,5180,9.924537,78.119371,2025-01-02 09:05:00,0
303,Network_C,-56.91,2.36,10.43,4,71.68,20.84,5200,9.924073,78.119477,2025-01-02 09:10:00,2
304,Network_C,-45.91,2.9,5.89,7,84.13,8.7,5200,9.925894,78.118995,2025-01-02 09:15:00,2
305,Network_D,-71.41,3.62,27.32,7,49.24,12.7,2462,9.925905,78.120236,2025-01-02 09:20:00,1
306,Network_B,-57.23,3.95,12.18,7,68.23,21.89,2437,9.925711,78.118808,2025-01-02 09:25:00,0
307,Network_B,-44.07,2.24,6.69,2,90.93,22.25,2437,9.92642,78.120694,2025-01-02 09:30:00,2
308,Network_C,-52.48,1.71,10.26,6,56.79,22.88,5200,9.923369,78.119263,2025-01-02 09:35:00,2
309,Network_A,-57.94,2.29,20.89,4,71.85,15.15,5180,9.925242,78.119386,2025-01-02 09:40:00,2
310,Network_A,-62.14,3.17,18.48,6,84.29,10.66,5180,9.924323,78.11897,2025-01-02 09:45:00,2
311,Network_B,-49.03,3.33,8.28,4,102.08,15.32,2437,9.925564,78.12041,2025-01-02 09:50:00,2
312,Network_B,-61.9,4.55,30.17,7,28.38,9.53,2437,9.925331,78.120784,2025-01-02 09:55:00,1
313,Network_A,-49.64,4.17,6.64,6,76.5,21.09,5180,9.92469,78.119878,2025-01-02 10:00:00,0
314,Network_B,-72.51,3.89,33.83,8,44.09,16.41,2437,9.92598,78.12171,2025-01-02 10:05:00,1
315,Network_B,-63.01,3.82,18.02,7,58.77,14.07,2437,9.925977,78.120964,2025-01-02 10:10:00,0
316,Network_B,-57.81,1.91,12.73,7,65.45,9.19,2437,9.925624,78.120314,2025-01-02 10:15:00,2
317,Network_B,-54.6,3.63,13.8,8,66.55,14.08,2437,9.926097,78.120991,2025-01-02 10:20:00,0
318,Network_C,-55.87,2.32,16.83,7,64.33,20.99,5200,9.924005,78.119239,2025-01-02 10:25:00,0
319,Network_B,-61.0,2.72,21.85,4,55.07,18.55,2437,9.926345,78.120436,2025-01-02 10:30:00,2
320,Network_D,-60.44,5.68,5.38,9,76.26,9.24,2462,9.925935,78.121837,2025-01-02 10:35:00,0
321,Network_D,-50.26,3.07,10.06,6,80.56,10.4,2462,9.925713,78.120082,2025-01-02 10:40:00,2
322,Network_B,-61.53,2.66,16.52,8,52.58,13.88,2437,9.925164,78.120419,2025-01-02 10:45:00,0
323,Network_B,-62.69,3.68,30.84,6,62.61,9.52,2437,9.925607,78.121352,2025-01-02 10:50:00,1
324,Network_C,-72.53,3.82,30.16,11,8.9,22.01,5200,9.926197,78.119447,2025-01-02 10:55:00,1
325,Network_D,-74.01,2.76,37.94,6,31.52,17.78,2462,9.926049,78.120505,2025-01-02 11:00:00,1
326,Network_C,-62.95,4.82,29.32,5,52.63,9.42,5200,9.923784,78.117835,2025-01-02 11:05:00,1
327,Network_D,-38.62,2.95,9.62,2,114.7,19.82,2462,9.926835,78.118984,2025-01-02 11:10:00,2
328,Network_C,-50.04,2.71,15.9,3,79.45,13.53,5200,9.924322,78.120861,2025-01-02 11:15:00,2
329,Network_C,-63.98,3.0,29.43,6,36.21,11.67,5200,9.924927,78.119447,2025-01-02 11:20:00,1
330,Network_B,-62.91,3.21,27.77,7,48.35,16.55,2437,9.925315,78.119933,2025-01-02 11:25:00,1
331,Network_C,-59.84,3.81,14.21,4,77.83,8.2,5200,9.925725,78.11948,2025-01-02 11:30:00,2
332,Network_A,-62.96,3.18,21.49,5,69.34,14.98,5180,9.924727,78.119042,2025-01-02 11:35:00,2
333,Network_C,-63.33,0.5,12.14,6,77.93,20.66,5200,9.925818,78.118935,2025-01-02 11:40:00,2
334,Network_D,-43.52,4.86,6.36,7,88.9,21.92,2462,9.925261,78.120047,2025-01-02 11:45:00,0
335,Network_A,-49.01,3.1,14.96,6,80.02,13.14,5180,9.924966,78.118669,2025-01-02 11:50:00,2
336,Network_C,-52.31,3.04,14.43,5,70.08,17.64,5200,9.92582,78.117516,2025-01-02 11:55:00,2
337,Network_A,-56.13,4.46,11.8,10,76.32,11.4,5180,9.925335,78.118522,2025-01-02 12:00:00,0
338,Network_C,-64.94,3.32,21.9,5,57.94,16.4,5200,9.926517,78.120017,2025-01-02 12:05:00,1
339,Network_A,-51.73,2.81,13.93,2,82.24,11.81,5180,9.924985,78.11901,2025-01-02 12:10:00,2
340,Network_D,-49.52,2.38,20.15,4,76.21,16.57,2462,9.926306,78.121228,2025-01-02 12:15:00,2
341,Network_A,-60.9,2.21,24.66,6,49.93,10.58,5180,9.926724,78.120565,2025-01-02 12:20:00,1
342,Network_D,-80.16,4.05,50.0,6,8.69,22.12,2462,9.924889,78.120813,2025-01-02 12:25:00,1
343,Network_D,-62.25,4.1,15.11,6,55.36,21.3,2462,9.92479,78.120561,2025-01-02 12:30:00,0
344,Network_C,-60.09,2.84,31.09,6,61.74,13.05,5200,9.924064,78.119306,2025-01-02 12:35:00,1
345,Network_D,-55.79,2.1,18.33,4,66.55,19.65,2462,9.926751,78.120467,2025-01-02 12:40:00,2
346,Network_D,-65.65,4.21,18.95,7,46.88,9.43,2462,9.924812,78.121763,2025-01-02 12:45:00,1
347,Network_D,-59.9,2.77,15.23,7,48.23,19.11,2462,9.926578,78.122301,2025-01-02 12:50:00,0
348,Network_A,-61.82,2.69,17.4,6,66.19,12.24,5180,9.925621,78.12096,2025-01-02 12:55:00,2
349,Network_C,-57.73,3.17,14.01,9,63.43,10.03,5200,9.926312,78.117479,2025-01-02 13:00:00,0
350,Network_A,-66.36,3.95,27.98,10,34.69,18.17,5180,9.926036,78.11945,2025-01-02 13:05:00,1
351,Network_C,-54.1,1.58,10.28,6,73.46,15.05,5200,9.924991,78.119203,2025-01-02 13:10:00,2
352,Network_A,-47.3,2.49,6.33,7,87.02,15.95,5180,9.926287,78.12017,2025-01-02 13:15:00,2
353,Network_C,-52.6,3.05,11.57,6,88.77,15.81,5200,9.925131,78.117818,2025-01-02 13:20:00,2
354,Network_C,-46.41,2.67,10.86,4,83.23,8.89,5200,9.924332,78.117805,2025-01-02 13:25:00,2
355,Network_B,-54.35,3.8,11.56,6,76.71,8.77,2437,9.924884,78.121445,2025-01-02 13:30:00,2
356,Network_C,-41.91,4.24,14.76,5,95.74,17.02,5200,9.924245,78.118753,2025-01-02 13:35:00,2
357,Network_D,-53.39,3.72,11.59,4,75.36,17.36,2462,9.926068,78.11961,2025-01-02 13:40:00,2
358,Network_D,-61.23,4.22,14.64,9,58.93,8.71,2462,9.92624,78.119917,2025-01-02 13:45:00,0
359,Network_B,-55.25,2.39,11.61,4,80.2,13.68,2437,9.924092,78.120712,2025-01-02 13:50:00,2
360,Network_C,-55.9,1.87,20.4,2,67.82,17.19,5200,9.924524,78.118542,2025-01-02 13:55:00,2
361,Network_D,-85.68,4.02,50.0,7,14.35,17.85,2462,9.926123,78.120993,2025-01-02 14:00:00,1
362,Network_A,-55.99,3.5,18.11,6,62.92,20.42,5180,9.925638,78.119017,2025-01-02 14:05:00,0
363,Network_A,-59.85,3.35,11.89,5,77.66,14.31,5180,9.926501,78.118405,2025-01-02 14:10:00,2
364,Network_A,-44.69,2.64,4.06,3,89.4,16.22,5180,9.925349,78.12094,2025-01-02 14:15:00,2
365,Network_C,-74.92,2.68,44.02,1,45.69,16.68,5200,9.923972,78.119519,2025-01-02 14:20:00,1
366,Network_B,-58.19,3.5,18.71,5,80.74,12.68,2437,9.924346,78.120133,2025-01-02 14:25:00,2
367,Network_D,-50.65,3.59,14.56,4,99.29,8.81,2462,9.92665,78.120383,2025-01-02 14:30:00,2
368,Network_C,-42.48,4.11,4.15,10,92.27,8.06,5200,9.924005,78.120372,2025-01-02 14:35:00,2
369,Network_B,-58.57,2.75,15.01,5,55.6,20.54,2437,9.926493,78.120873,2025-01-02 14:40:00,0
370,Network_D,-55.46,1.99,17.32,4,79.64,11.0,2462,9.927218,78.121717,2025-01-02 14:45:00,2
371,Network_D,-53.16,1.64,11.64,3,80.4,17.45,2462,9.924865,78.120333,2025-01-02 14:50:00,2
372,Network_B,-53.42,2.21,6.99,6,82.58,16.66,2437,9.926243,78.120441,2025-01-02 14:55:00,2
373,Network_B,-49.94,2.41,6.74,3,85.72,13.99,2437,9.926834,78.120722,2025-01-02 15:00:00,2
374,Network_B,-68.29,3.57,44.43,3,25.49,20.5,2437,9.926615,78.11996,2025-01-02 15:05:00,1
375,Network_A,-55.72,1.33,17.02,3,72.99,18.48,5180,9.923523,78.119724,2025-01-02 15:10:00,2
376,Network_A,-42.16,2.11,11.63,4,98.7,8.34,5180,9.924517,78.119333,2025-01-02 15:15:00,2
377,Network_D,-54.41,3.19,16.43,6,69.29,19.65,2462,9.925076,78.121119,2025-01-02 15:20:00,0
378,Network_B,-58.79,2.07,15.77,5,74.54,15.6,2437,9.926219,78.119343,2025-01-02 15:25:00,2
379,Network_B,-50.23,2.91,6.56,5,88.09,13.21,2437,9.926131,78.120858,2025-01-02 15:30:00,2
380,Network_C,-65.2,2.83,26.91,5,56.31,18.9,5200,9.922542,78.119449,2025-01-02 15:35:00,1
381,Network_C,-49.72,2.0,14.34,4,85.37,18.29,5200,9.924459,78.119037,2025-01-02 15:40:00,2
382,Network_D,-65.81,3.59,17.16,9,50.61,12.66,2462,9.926741,78.12116,2025-01-02 15:45:00,0
383,Network_D,-72.3,3.43,35.9,4,35.26,22.75,2462,9.926218,78.120508,2025-01-02 15:50:00,1
384,Network_B,-58.69,3.34,7.11,13,68.8,17.73,2437,9.925917,78.119864,2025-01-02 15:55:00,0
385,Network_B,-50.05,2.82,9.97,7,79.54,17.09,2437,9.925508,78.120835,2025-01-02 16:00:00,2
386,Network_D,-55.72,3.98,19.3,9,61.13,9.05,2462,9.925253,78.12127,2025-01-02 16:05:00,0
387,Network_C,-56.27,2.46,26.6,5,66.42,12.19,5200,9.924686,78.118794,2025-01-02 16:10:00,2
388,Network_D,-49.53,1.35,11.0,5,81.96,14.7,2462,9.926142,78.120326,2025-01-02 16:15:00,2
389,Network_A,-53.12,1.63,11.37,6,72.91,17.46,5180,9.925692,78.119654,2025-01-02 16:20:00,2
390,Network_D,-57.2,2.82,23.05,6,66.34,15.69,2462,9.926657,78.120358,2025-01-02 16:25:00,2
391,Network_C,-81.58,2.6,50.0,5,15.06,19.45,5200,9.924769,78.12042,2025-01-02 16:30:00,1
392,Network_A,-60.97,2.18,16.75,3,72.75,11.94,5180,9.926076,78.120053,2025-01-02 16:35:00,2
393,Network_C,-51.92,4.52,9.95,8,64.72,18.53,5200,9.9244,78.119212,2025-01-02 16:40:00,0
394,Network_C,-55.74,1.87,8.34,7,68.76,20.25,5200,9.923545,78.118454,2025-01-02 16:45:00,2
395,Network_A,-54.34,2.54,14.73,5,76.05,19.48,5180,9.925582,78.120391,2025-01-02 16:50:00,2
396,Network_B,-60.85,4.75,25.89,5,54.96,19.56,2437,9.925901,78.119911,2025-01-02 16:55:00,0
397,Network_D,-82.31,5.24,50.0,12,5.0,21.33,2462,9.926498,78.120278,2025-01-02 17:00:00,1
398,Network_B,-53.0,3.16,13.31,9,72.59,9.26,2437,9.924788,78.121018,2025-01-02 17:05:00,0
399,Network_B,-52.97,2.87,16.77,6,71.45,18.46,2437,9.927233,78.12071,2025-01-02 17:10:00,2
400,Network_B,-71.6,4.11,40.12,7,16.49,22.53,2437,9.926368,78.118397,2025-01-02 17:15:00,1
401,Network_B,-57.79,4.05,19.12,4,78.64,16.6,2437,9.92557,78.120274,2025-01-02 17:20:00,2
402,Network_D,-59.49,3.15,18.19,9,46.86,11.26,2462,9.925352,78.1209,2025-01-02 17:25:00,0
403,Network_D,-69.15,2.5,35.64,4,45.68,22.98,2462,9.926962,78.120528,2025-01-02 17:30:00,1
404,Network_A,-55.44,1.54,17.0,4,75.83,10.62,5180,9.924319,78.119928,2025-01-02 17:35:00,2
405,Network_D,-40.61,2.88,8.74,6,73.02,13.03,2462,9.927909,78.119352,2025-01-02 17:40:00,2
406,Network_D,-65.11,2.24,31.44,6,52.3,10.58,2462,9.925609,78.118535,2025-01-02 17:45:00,1
407,Network_B,-48.39,2.54,5.99,7,79.89,14.97,2437,9.927176,78.11962,2025-01-02 17:50:00,2
408,Network_D,-72.07,3.64,28.38,12,25.89,14.28,2462,9.925952,78.121026,2025-01-02 17:55:00,1
409,Network_A,-50.81,3.66,15.99,5,72.83,15.37,5180,9.926465,78.11722,2025-01-02 18:00:00,2
410,Network_D,-54.67,3.23,13.4,10,52.66,21.92,2462,9.925512,78.120125,2025-01-02 18:05:00,0
411,Network_C,-50.91,3.23,13.19,6,74.16,15.17,5200,9.924715,78.117662,2025-01-02 18:10:00,2
412,Network_C,-52.3,1.3,14.7,4,66.14,15.72,5200,9.925344,78.119006,2025-01-02 18:15:00,2
413,Network_A,-47.44,2.63,12.27,4,89.01,21.3,5180,9.92573,78.121366,2025-01-02 18:20:00,2
414,Network_D,-52.91,1.96,20.77,5,64.66,20.27,2462,9.926981,78.120626,2025-01-02 18:25:00,2
415,Network_A,-51.51,2.37,12.53,5,74.81,11.6,5180,9.92481,78.119714,2025-01-02 18:30:00,2
416,Network_A,-56.3,4.75,16.06,6,61.74,8.19,5180,9.925268,78.120471,2025-01-02 18:35:00,0
417,Network_A,-40.46,2.55,4.82,1,113.03,17.44,5180,9.926199,78.119817,2025-01-02 18:40:00,2
418,Network_D,-60.32,3.06,16.0,7,46.57,20.67,2462,9.925536,78.120628,2025-01-02 18:45:00,0
419,Network_A,-57.05,5.62,12.13,7,71.38,16.29,5180,9.925658,78.120541,2025-01-02 18:50:00,0
420,Network_D,-61.47,2.17,27.17,4,58.25,11.17,2462,9.925925,78.121178,2025-01-02 18:55:00,2
421,Network_C,-59.49,3.5,13.73,4,66.45,19.12,5200,9.924865,78.119431,2025-01-02 19:00:00,2
422,Network_A,-59.17,2.16,24.89,7,47.81,18.04,5180,9.925268,78.119689,2025-01-02 19:05:00,0
423,Network_A,-64.37,2.97,23.25,6,52.75,16.48,5180,9.924569,78.119523,2025-01-02 19:10:00,1
424,Network_A,-61.74,1.91,23.63,5,54.79,20.95,5180,9.924991,78.120534,2025-01-02 19:15:00,2
425,Network_C,-55.37,3.14,14.02,6,69.54,19.76,5200,9.924816,78.118931,2025-01-02 19:20:00,0
426,Network_D,-59.65,3.76,16.62,10,48.04,18.02,2462,9.926018,78.121785,2025-01-02 19:25:00,0
427,Network_A,-56.46,2.13,20.45,2,75.45,17.97,5180,9.926458,78.118962,2025-01-02 19:30:00,2
428,Network_D,-60.27,4.6,16.93,10,60.79,17.93,2462,9.926908,78.121947,2025-01-02 19:35:00,0
429,Network_A,-51.87,1.93,13.75,3,71.51,15.88,5180,9.925432,78.120178,2025-01-02 19:40:00,2
430,Network_D,-54.07,3.25,9.21,7,75.28,14.96,2462,9.925489,78.120025,2025-01-02 19:45:00,2
431,Network_D,-57.2,3.28,16.17,4,64.33,18.64,2462,9.925441,78.121207,2025-01-02 19:50:00,2
432,Network_D,-44.3,1.37,6.34,5,83.43,17.16,2462,9.927679,78.12028,2025-01-02 19:55:00,2
433,Network_C,-54.15,1.56,4.66,3,91.55,15.35,5200,9.923892,78.119227,2025-01-02 20:00:00,2
434,Network_D,-54.14,3.36,8.02,9,66.39,9.9,2462,9.926191,78.120411,2025-01-02 20:05:00,0
435,Network_A,-64.33,4.03,23.47,8,39.39,18.53,5180,9.925489,78.119694,2025-01-02 20:10:00,0
436,Network_A,-54.79,4.0,18.41,5,82.36,17.69,5180,9.924951,78.120553,2025-01-02 20:15:00,2
437,Network_A,-68.36,3.36,23.61,8,55.61,13.13,5180,9.924398,78.120215,2025-01-02 20:20:00,1
438,Network_C,-55.13,2.77,10.5,7,57.89,13.34,5200,9.924072,78.1183,2025-01-02 20:25:00,0
439,Network_D,-63.63,2.42,28.81,5,45.15,11.7,2462,9.925663,78.119946,2025-01-02 20:30:00,1
440,Network_C,-45.5,3.01,6.74,6,81.91,22.43,5200,9.924132,78.119417,2025-01-02 20:35:00,2
441,Network_D,-48.5,2.37,8.2,5,76.69,20.9,2462,9.927162,78.121075,2025-01-02 20:40:00,2
442,Network_A,-67.77,2.89,28.51,5,65.24,16.42,5180,9.925193,78.11926,2025-01-02 20:45:00,1
443,Network_C,-57.01,2.59,17.63,4,79.25,14.02,5200,9.924281,78.120473,2025-01-02 20:50:00,2
444,Network_A,-56.35,3.43,23.69,5,65.99,19.05,5180,9.925286,78.120451,2025-01-02 20:55:00,0
445,Network_B,-64.0,2.95,18.45,8,48.09,15.92,2437,9.926334,78.1199,2025-01-02 21:00:00,0
446,Network_C,-50.42,1.71,11.4,3,80.61,22.64,5200,9.924424,78.118622,2025-01-02 21:05:00,2
447,Network_D,-50.41,3.12,7.65,6,72.47,8.83,2462,9.926822,78.120618,2025-01-02 21:10:00,2
448,Network_C,-50.34,0.5,5.22,6,95.01,8.51,5200,9.923683,78.118935,2025-01-02 21:15:00,2
449,Network_A,-61.1,2.97,42.13,5,52.74,16.53,5180,9.926137,78.120805,2025-01-02 21:20:00,1
450,Network_C,-54.47,2.53,5.87,10,62.76,11.05,5200,9.924693,78.119988,2025-01-02 21:25:00,0
451,Network_A,-67.21,4.6,34.93,7,49.86,17.06,5180,9.925162,78.119828,2025-01-02 21:30:00,1
452,Network_D,-55.95,1.93,17.06,2,93.64,19.72,2462,9.925546,78.121342,2025-01-02 21:35:00,2
453,Network_C,-54.6,2.42,18.79,5,71.3,10.07,5200,9.923718,78.119858,2025-01-02 21:40:00,2
454,Network_A,-53.66,2.99,18.07,6,76.17,14.61,5180,9.923867,78.119847,2025-01-02 21:45:00,2
455,Network_A,-61.14,2.47,21.98,5,58.32,18.33,5180,9.92459,78.120122,2025-01-02 21:50:00,2
456,Network_A,-52.96,2.69,9.92,7,69.51,20.51,5180,9.92567,78.120275,2025-01-02 21:55:00,0
457,Network_D,-52.74,2.95,4.39,7,68.15,15.45,2462,9.925331,78.12119,2025-01-02 22:00:00,2
458,Network_B,-56.39,2.34,11.26,5,76.98,11.09,2437,9.924561,78.119777,2025-01-02 22:05:00,2
459,Network_D,-51.24,2.04,20.9,2,83.1,16.79,2462,9.925373,78.120258,2025-01-02 22:10:00,2
460,Network_C,-56.57,2.7,8.24,10,79.97,14.82,5200,9.924392,78.118969,2025-01-02 22:15:00,0
461,Network_C,-78.55,3.29,29.22,11,6.74,19.58,5200,9.924424,78.118635,2025-01-02 22:20:00,1
462,Network_A,-48.9,3.18,14.86,7,73.75,16.33,5180,9.925097,78.118622,2025-01-02 22:25:00,2
463,Network_D,-53.69,3.02,7.81,6,89.74,12.19,2462,9.926926,78.121341,2025-01-02 22:30:00,2
464,Network_B,-55.08,1.34,17.53,3,72.36,19.32,2437,9.926799,78.120677,2025-01-02 22:35:00,2
465,Network_C,-53.18,3.89,20.69,7,66.19,15.77,5200,9.926304,78.118129,2025-01-02 22:40:00,0
466,Network_C,-61.79,4.09,21.57,8,49.35,10.66,5200,9.9234,78.119007,2025-01-02 22:45:00,0
467,Network_C,-63.7,3.89,28.53,5,49.63,16.45,5200,9.924015,78.119053,2025-01-02 22:50:00,1
468,Network_D,-60.81,4.24,6.46,13,29.72,22.22,2462,9.926659,78.120946,2025-01-02 22:55:00,0
469,Network_A,-72.3,4.16,28.55,8,32.6,18.58,5180,9.924837,78.118934,2025-01-02 23:00:00,1
470,Network_C,-67.44,5.44,30.11,8,36.34,12.48,5200,9.925389,78.118117,2025-01-02 23:05:00,1
471,Network_B,-49.83,2.71,7.66,7,78.14,18.66,2437,9.925966,78.120816,2025-01-02 23:10:00,2
472,Network_B,-48.84,1.78,8.55,5,79.89,12.24,2437,9.927063,78.119173,2025-01-02 23:15:00,2
473,Network_A,-62.28,1.78,24.4,5,57.7,16.14,5180,9.926034,78.119614,2025-01-02 23:20:00,2
474,Network_A,-54.39,4.48,12.57,7,68.88,15.9,5180,9.926049,78.119539,2025-01-02 23:25:00,0
475,Network_B,-74.94,4.99,32.75,7,37.46,11.71,2437,9.925471,78.120301,2025-01-02 23:30:00,1
476,Network_B,-70.19,3.16,38.2,8,31.35,13.22,2437,9.925722,78.120602,2025-01-02 23:35:00,1
477,Network_B,-48.93,2.01,7.81,5,67.9,22.13,2437,9.925556,78.121679,2025-01-02 23:40:00,2
478,Network_C,-42.08,2.21,9.8,4,95.06,11.76,5200,9.923495,78.11792,2025-01-02 23:45:00,2
479,Network_C,-55.52,3.8,16.99,5,76.02,20.02,5200,9.925877,78.119901,2025-01-02 23:50:00,0
480,Network_B,-53.79,2.02,4.34,8,75.55,18.01,2437,9.926396,78.11839,2025-01-02 23:55:00,2
481,Network_B,-47.25,0.78,5.3,4,87.97,15.99,2437,9.925524,78.121515,2025-01-03 00:00:00,2
482,Network_A,-51.76,4.36,9.16,5,81.97,10.06,5180,9.926244,78.118166,2025-01-03 00:05:00,2
483,Network_C,-74.5,4.16,46.07,7,11.87,11.07,5200,9.924196,78.121149,2025-01-03 00:10:00,1
484,Network_B,-55.55,3.05,18.56,4,73.89,10.68,2437,9.924329,78.120088,2025-01-03 00:15:00,2
485,Network_A,-57.43,2.68,10.76,6,70.47,16.8,5180,9.926006,78.120832,2025-01-03 00:20:00,2
486,Network_B,-55.68,2.81,8.51,4,63.75,22.6,2437,9.924777,78.121267,2025-01-03 00:25:00,2
487,Network_B,-46.59,1.02,7.61,3,80.09,21.16,2437,9.925643,78.120051,2025-01-03 00:30:00,2
488,Network_A,-48.06,2.37,11.22,7,76.24,8.38,5180,9.925365,78.119512,2025-01-03 00:35:00,2
489,Network_C,-51.23,2.76,10.85,5,90.13,12.11,5200,9.925008,78.11853,2025-01-03 00:40:00,2
490,Network_C,-52.11,1.29,13.94,7,82.38,10.36,5200,9.925379,78.11983,2025-01-03 00:45:00,2
491,Network_C,-56.98,3.23,21.28,8,42.12,22.64,5200,9.925165,78.118861,2025-01-03 00:50:00,0
492,Network_C,-53.34,2.49,15.24,5,72.76,11.53,5200,9.92514,78.118545,2025-01-03 00:55:00,2
493,Network_C,-66.88,3.33,25.26,8,44.48,11.02,5200,9.924067,78.11963,2025-01-03 01:00:00,1
494,Network_B,-51.49,2.11,13.35,4,88.62,17.31,2437,9.926035,78.119682,2025-01-03 01:05:00,2
495,Network_D,-67.43,2.96,39.94,7,40.75,16.34,2462,9.924896,78.120537,2025-01-03 01:10:00,1
496,Network_C,-59.46,1.74,24.9,6,61.88,11.39,5200,9.92595,78.119286,2025-01-03 01:15:00,2
497,Network_B,-50.67,2.43,18.26,2,87.45,18.06,2437,9.924678,78.119886,2025-01-03 01:20:00,2
498,Network_C,-61.11,2.87,21.32,6,57.49,9.46,5200,9.924423,78.118807,2025-01-03 01:25:00,2
499,Network_B,-52.72,1.58,11.41,5,91.27,8.29,2437,9.924745,78.121628,2025-01-03 01:30:00,2
500,Network_C,-55.75,3.16,13.8,7,70.28,9.24,5200,9.924116,78.119037,2025-01-03 01:35:00,2
501,Network_C,-55.27,2.86,13.49,7,64.13,13.47,5200,9.924711,78.118912,2025-01-03 01:40:00,2
502,Network_D,-49.04,2.82,10.02,8,63.71,22.63,2462,9.925677,78.12066,2025-01-03 01:45:00,0
503,Network_D,-61.07,1.39,6.9,8,77.56,16.21,2462,9.927015,78.121164,2025-01-03 01:50:00,2
504,Network_C,-56.88,3.14,22.01,3,65.81,19.32,5200,9.924882,78.118373,2025-01-03 01:55:00,2
505,Network_C,-64.59,2.46,27.64,7,59.11,12.82,5200,9.92433,78.119542,2025-01-03 02:00:00,1
506,Network_D,-61.31,2.6,20.19,3,62.44,18.79,2462,9.925993,78.121005,2025-01-03 02:05:00,2
507,Network_B,-57.1,3.21,15.21,11,40.04,22.49,2437,9.926776,78.118969,2025-01-03 02:10:00,0
508,Network_D,-79.9,3.34,50.0,5,30.87,13.37,2462,9.926827,78.122235,2025-01-03 02:15:00,1
509,Network_B,-50.17,3.05,10.68,2,72.47,22.99,2437,9.924889,78.121569,2025-01-03 02:20:00,2
510,Network_A,-51.91,3.83,18.63,8,73.04,17.58,5180,9.924655,78.11916,2025-01-03 02:25:00,0
511,Network_A,-60.87,4.23,30.01,6,54.32,19.23,5180,9.92558,78.118902,2025-01-03 02:30:00,1
512,Network_D,-48.34,3.05,8.06,6,77.34,11.78,2462,9.926383,78.120982,2025-01-03 02:35:00,2
513,Network_A,-55.23,2.75,23.01,2,75.51,17.65,5180,9.92436,78.118659,2025-01-03 02:40:00,2
514,Network_B,-73.93,2.37,41.5,7,27.85,15.67,2437,9.926399,78.121491,2025-01-03 02:45:00,1
515,Network_B,-47.78,2.73,15.97,6,71.03,22.35,2437,9.925087,78.120025,2025-01-03 02:50:00,2
516,Network_A,-50.96,2.3,17.65,3,88.71,21.57,5180,9.926243,78.121097,2025-01-03 02:55:00,2
517,Network_B,-51.76,3.11,10.71,2,86.92,13.95,2437,9.926224,78.11974,2025-01-03 03:00:00,2
518,Network_D,-63.86,2.52,21.18,5,56.31,22.2,2462,9.925194,78.12071,2025-01-03 03:05:00,0
519,Network_A,-46.85,2.5,9.87,3,84.14,21.27,5180,9.924777,78.120814,2025-01-03 03:10:00,2
520,Network_D,-52.94,2.61,15.41,3,82.74,16.86,2462,9.925663,78.120541,2025-01-03 03:15:00,2
521,Network_D,-55.3,3.67,6.44,6,77.61,9.23,2462,9.926228,78.121018,2025-01-03 03:20:00,2
522,Network_B,-46.05,2.56,3.64,6,82.97,10.41,2437,9.925637,78.121274,2025-01-03 03:25:00,2
523,Network_A,-53.38,3.36,12.01,5,81.96,9.15,5180,9.924284,78.119355,2025-01-03 03:30:00,2
524,Network_C,-53.71,2.05,11.89,9,65.95,9.62,5200,9.923585,78.118191,2025-01-03 03:35:00,2
525,Network_A,-52.74,1.78,12.63,7,55.48,22.65,5180,9.925639,78.118633,2025-01-03 03:40:00,0
526,Network_B,-60.13,0.64,24.46,2,79.75,11.18,2437,9.926029,78.120867,2025-01-03 03:45:00,2
527,Network_D,-59.34,3.55,28.1,4,62.32,18.36,2462,9.926184,78.121111,2025-01-03 03:50:00,1
528,Network_D,-57.1,3.06,19.09,3,72.91,17.55,2462,9.926317,78.121649,2025-01-03 03:55:00,2
529,Network_D,-57.87,2.98,23.45,1,87.02,17.47,2462,9.925605,78.120581,2025-01-03 04:00:00,2
530,Network_B,-54.06,2.29,10.04,6,62.73,11.1,2437,9.925947,78.119255,2025-01-03 04:05:00,2
531,Network_C,-45.62,2.17,8.68,5,99.34,16.69,5200,9.926731,78.117318,2025-01-03 04:10:00,2
532,Network_C,-58.65,2.66,21.43,4,62.1,17.38,5200,9.92564,78.121494,2025-01-03 04:15:00,2
533,Network_B,-49.61,4.83,8.0,11,71.36,16.56,2437,9.925569,78.120822,2025-01-03 04:20:00,0
534,Network_C,-41.34,3.76,7.51,4,92.09,10.79,5200,9.924281,78.119309,2025-01-03 04:25:00,2
535,Network_A,-76.35,3.57,50.0,1,28.69,18.85,5180,9.922912,78.120023,2025-01-03 04:30:00,1
536,Network_A,-71.47,3.98,16.59,10,55.68,9.1,5180,9.926055,78.118655,2025-01-03 04:35:00,0
537,Network_C,-51.66,4.49,11.9,9,85.05,16.87,5200,9.925329,78.118564,2025-01-03 04:40:00,0
538,Network_A,-51.29,2.11,11.11,3,85.57,14.54,5180,9.924765,78.121195,2025-01-03 04:45:00,2
539,Network_A,-54.91,2.79,6.54,8,76.51,11.75,5180,9.924055,78.120327,2025-01-03 04:50:00,2
540,Network_D,-59.11,2.77,18.85,5,62.94,20.11,2462,9.925176,78.120189,2025-01-03 04:55:00,2
541,Network_D,-53.92,1.77,13.33,4,94.32,10.64,2462,9.926456,78.119819,2025-01-03 05:00:00,2
542,Network_C,-59.07,3.31,27.63,7,29.86,21.99,5200,9.924629,78.118787,2025-01-03 05:05:00,1
543,Network_D,-57.15,1.87,21.83,4,65.52,21.27,2462,9.926653,78.120548,2025-01-03 05:10:00,2
544,Network_D,-47.85,3.55,13.06,5,77.93,13.41,2462,9.926169,78.122439,2025-01-03 05:15:00,2
545,Network_A,-45.65,2.96,4.81,5,73.18,12.58,5180,9.925973,78.119649,2025-01-03 05:20:00,2
546,Network_B,-56.54,3.96,16.61,5,69.95,10.06,2437,9.926096,78.119448,2025-01-03 05:25:00,2
547,Network_B,-56.29,1.49,15.74,5,79.01,21.74,2437,9.926463,78.120353,2025-01-03 05:30:00,2
548,Network_A,-46.91,4.39,4.39,7,79.67,17.41,5180,9.923528,78.120011,2025-01-03 05:35:00,0
549,Network_D,-56.25,2.01,20.36,7,71.21,8.48,2462,9.925113,78.119776,2025-01-03 05:40:00,2
550,Network_B,-46.51,1.82,7.85,6,95.82,15.66,2437,9.925509,78.120722,2025-01-03 05:45:00,2
551,Network_B,-66.76,3.16,28.49,8,46.01,9.29,2437,9.926664,78.121367,2025-01-03 05:50:00,1
552,Network_A,-53.66,3.83,15.18,5,77.6,16.61,5180,9.926704,78.119911,2025-01-03 05:55:00,2
553,Network_A,-49.26,2.85,10.92,5,70.27,15.63,5180,9.925069,78.119162,2025-01-03 06:00:00,2
554,Network_D,-55.95,2.3,18.02,3,72.0,9.24,2462,9.925611,78.120377,2025-01-03 06:05:00,2
555,Network_A,-59.43,2.02,17.37,4,73.0,20.24,5180,9.923636,78.118473,2025-01-03 06:10:00,2
556,Network_A,-56.97,1.36,16.99,3,78.02,11.93,5180,9.925891,78.119693,2025-01-03 06:15:00,2
557,Network_B,-62.55,3.96,26.29,5,62.8,16.12,2437,9.92536,78.120649,2025-01-03 06:20:00,1
558,Network_B,-55.79,3.87,18.68,7,66.48,17.59,2437,9.928167,78.119683,2025-01-03 06:25:00,0
559,Network_C,-52.5,5.0,10.36,12,69.12,22.43,5200,9.924108,78.120752,2025-01-03 06:30:00,0
560,Network_B,-58.74,3.06,13.57,5,69.57,15.41,2437,9.927484,78.121034,2025-01-03 06:35:00,2
561,Network_A,-72.06,1.69,34.57,8,39.85,21.76,5180,9.925799,78.118366,2025-01-03 06:40:00,1
562,Network_A,-55.02,2.19,9.82,8,72.33,13.32,5180,9.924377,78.118382,2025-01-03 06:45:00,2
563,Network_D,-55.33,3.46,20.17,6,74.44,20.86,2462,9.926286,78.120013,2025-01-03 06:50:00,0
564,Network_C,-66.77,3.32,26.86,8,37.52,11.54,5200,9.925317,78.120459,2025-01-03 06:55:00,1
565,Network_C,-62.78,3.03,21.33,8,53.51,18.61,5200,9.92452,78.119913,2025-01-03 07:00:00,0
566,Network_C,-66.39,3.01,16.68,11,44.08,9.33,5200,9.92537,78.120499,2025-01-03 07:05:00,0
567,Network_D,-57.12,4.15,18.23,8,52.5,22.79,2462,9.926753,78.120808,2025-01-03 07:10:00,0
568,Network_A,-59.53,3.32,22.13,5,65.01,22.31,5180,9.925677,78.119632,2025-01-03 07:15:00,0
569,Network_B,-55.26,3.4,9.76,7,76.82,14.63,2437,9.925787,78.119402,2025-01-03 07:20:00,2
570,Network_C,-56.71,2.47,15.8,6,80.34,15.86,5200,9.92376,78.11948,2025-01-03 07:25:00,2
571,Network_B,-74.29,4.15,50.0,7,20.16,16.97,2437,9.925739,78.120243,2025-01-03 07:30:00,1
572,Network_D,-61.87,1.84,20.54,5,58.24,12.13,2462,9.926241,78.120612,2025-01-03 07:35:00,2
573,Network_B,-59.83,2.9,17.03,6,64.58,18.12,2437,9.924299,78.121694,2025-01-03 07:40:00,0
574,Network_D,-46.89,0.52,12.77,4,84.3,18.48,2462,9.926235,78.120699,2025-01-03 07:45:00,2
575,Network_D,-52.38,1.75,9.82,7,74.99,15.88,2462,9.926023,78.121865,2025-01-03 07:50:00,2
576,Network_C,-52.11,2.25,18.59,3,73.28,10.22,5200,9.923663,78.11793,2025-01-03 07:55:00,2
577,Network_D,-56.38,4.96,19.36,6,68.23,21.79,2462,9.925834,78.12295,2025-01-03 08:00:00,0
578,Network_C,-55.41,1.52,15.18,6,69.38,9.73,5200,9.924451,78.118901,2025-01-03 08:05:00,2
579,Network_D,-75.69,2.12,50.0,2,48.22,17.44,2462,9.927644,78.121366,2025-01-03 08:10:00,1
580,Network_B,-47.88,2.83,10.32,5,85.87,9.55,2437,9.925976,78.121093,2025-01-03 08:15:00,2
581,Network_B,-46.58,4.22,8.97,6,90.51,10.19,2437,9.926629,78.120002,2025-01-03 08:20:00,2
582,Network_C,-51.24,3.42,12.88,8,77.02,8.31,5200,9.924606,78.119855,2025-01-03 08:25:00,2
583,Network_A,-62.0,3.89,15.47,8,53.81,13.45,5180,9.923701,78.120497,2025-01-03 08:30:00,0
584,Network_B,-49.97,3.27,9.53,10,72.63,17.59,2437,9.926338,78.119829,2025-01-03 08:35:00,0
585,Network_D,-63.25,3.53,18.33,11,64.39,15.82,2462,9.925573,78.120239,2025-01-03 08:40:00,0
586,Network_C,-59.3,2.77,19.51,4,70.51,18.12,5200,9.924432,78.119236,2025-01-03 08:45:00,2
587,Network_A,-65.07,3.37,23.68,10,50.89,18.13,5180,9.924358,78.119708,2025-01-03 08:50:00,0
588,Network_B,-50.57,3.63,11.69,7,82.34,10.1,2437,9.925858,78.121515,2025-01-03 08:55:00,2
589,Network_A,-67.31,2.66,32.88,9,42.05,8.86,5180,9.926052,78.120362,2025-01-03 09:00:00,1
590,Network_A,-58.51,3.32,22.75,3,72.49,17.38,5180,9.925946,78.119744,2025-01-03 09:05:00,2
591,Network_D,-48.68,2.87,10.2,6,85.19,17.8,2462,9.927369,78.121285,2025-01-03 09:10:00,2
592,Network_B,-51.02,2.65,9.5,6,86.81,16.35,2437,9.927182,78.118763,2025-01-03 09:15:00,2
593,Network_B,-54.61,1.24,13.41,4,68.95,11.69,2437,9.924163,78.119908,2025-01-03 09:20:00,2
594,Network_C,-59.13,1.92,19.54,4,66.52,20.16,5200,9.923745,78.11943,2025-01-03 09:25:00,2
595,Network_A,-57.56,4.07,21.23,6,64.23,9.14,5180,9.923753,78.120692,2025-01-03 09:30:00,0
596,Network_B,-58.7,2.62,22.72,4,64.79,17.48,2437,9.926306,78.12056,2025-01-03 09:35:00,2
597,Network_C,-85.23,4.56,48.66,9,21.1,9.81,5200,9.924146,78.120367,2025-01-03 09:40:00,1
598,Network_C,-46.48,2.19,5.49,7,77.83,17.82,5200,9.924309,78.119894,2025-01-03 09:45:00,2
599,Network_D,-56.13,2.75,14.94,5,63.32,14.27,2462,9.925927,78.120409,2025-01-03 09:50:00,2
600,Network_C,-67.31,2.28,46.28,4,45.87,18.77,5200,9.925006,78.119088,2025-01-03 09:55:00,1
601,Network_B,-71.32,4.17,24.31,11,25.45,8.78,2437,9.924612,78.120727,2025-01-03 10:00:00,1
602,Network_D,-55.35,3.81,8.65,10,51.01,16.33,2462,9.925093,78.120441,2025-01-03 10:05:00,0
603,Network_D,-57.06,2.74,17.79,3,84.11,10.17,2462,9.926101,78.122025,2025-01-03 10:10:00,2
604,Network_C,-62.27,2.94,14.42,10,54.33,18.24,5200,9.925659,78.118313,2025-01-03 10:15:00,0
605,Network_D,-54.72,2.3,14.12,4,82.91,9.8,2462,9.92608,78.121053,2025-01-03 10:20:00,2
606,Network_D,-43.13,2.76,11.56,3,91.22,9.1,2462,9.925467,78.121388,2025-01-03 10:25:00,2
607,Network_D,-54.95,2.65,16.95,5,59.62,18.7,2462,9.924381,78.120549,2025-01-03 10:30:00,2
608,Network_A,-64.96,2.54,29.37,3,51.18,8.95,5180,9.925962,78.119369,2025-01-03 10:35:00,1
609,Network_C,-59.73,4.23,12.17,5,70.95,11.37,5200,9.924111,78.119139,2025-01-03 10:40:00,2
610,Network_B,-67.12,2.39,22.82,6,38.5,20.37,2437,9.924882,78.12105,2025-01-03 10:45:00,1
611,Network_C,-60.31,3.35,25.18,2,67.09,20.15,5200,9.923328,78.1188,2025-01-03 10:50:00,2
612,Network_C,-70.1,2.65,32.72,7,31.14,20.81,5200,9.923549,78.118345,2025-01-03 10:55:00,1
613,Network_D,-54.21,3.7,9.41,8,73.82,12.89,2462,9.925331,78.12172,2025-01-03 11:00:00,0
614,Network_D,-62.3,3.01,16.17,3,74.32,15.92,2462,9.925909,78.121119,2025-01-03 11:05:00,2
615,Network_B,-50.98,2.08,10.79,4,83.07,19.6,2437,9.924833,78.121206,2025-01-03 11:10:00,2
616,Network_C,-50.52,1.67,16.97,4,84.97,10.05,5200,9.924849,78.119807,2025-01-03 11:15:00,2
617,Network_D,-53.5,2.15,16.91,10,55.51,18.87,2462,9.925903,78.122544,2025-01-03 11:20:00,0
618,Network_B,-60.06,2.65,8.12,8,69.23,9.46,2437,9.927578,78.121292,2025-01-03 11:25:00,2
619,Network_A,-60.92,3.62,17.56,7,55.04,21.7,5180,9.923836,78.119221,2025-01-03 11:30:00,0
620,Network_A,-79.52,2.61,50.0,4,8.11,17.56,5180,9.925329,78.120176,2025-01-03 11:35:00,1
621,Network_D,-62.25,3.91,21.28,10,55.58,15.4,2462,9.926239,78.120354,2025-01-03 11:40:00,0
622,Network_B,-54.97,1.58,7.22,6,79.86,15.27,2437,9.924976,78.120037,2025-01-03 11:45:00,2
623,Network_D,-43.67,2.44,9.08,5,95.22,10.72,2462,9.926176,78.11967,2025-01-03 11:50:00,2
624,Network_B,-55.43,2.05,15.7,6,61.58,13.19,2437,9.926416,78.120171,2025-01-03 11:55:00,2
625,Network_D,-50.97,2.57,9.2,5,77.34,18.91,2462,9.926177,78.121236,2025-01-03 12:00:00,2
626,Network_B,-63.24,3.69,31.7,10,32.92,16.11,2437,9.926908,78.120347,2025-01-03 12:05:00,1
627,Network_D,-48.96,1.62,6.76,5,93.38,15.94,2462,9.924358,78.119921,2025-01-03 12:10:00,2
628,Network_A,-59.48,2.95,21.36,8,47.13,10.93,5180,9.924526,78.118582,2025-01-03 12:15:00,0
629,Network_C,-51.42,1.8,6.02,5,75.49,18.36,5200,9.92588,78.120889,2025-01-03 12:20:00,2
630,Network_D,-59.19,1.56,15.55,4,78.08,13.88,2462,9.92683,78.12106,2025-01-03 12:25:00,2
631,Network_D,-50.63,3.12,8.45,3,84.93,10.74,2462,9.926532,78.120141,2025-01-03 12:30:00,2
632,Network_D,-50.22,2.52,23.65,4,58.51,22.16,2462,9.927087,78.121169,2025-01-03 12:35:00,2
633,Network_A,-61.49,1.53,28.66,6,63.64,15.6,5180,9.923667,78.121551,2025-01-03 12:40:00,2
634,Network_B,-55.18,2.21,19.51,4,82.23,15.92,2437,9.926436,78.120896,2025-01-03 12:45:00,2
635,Network_A,-72.03,4.77,29.43,10,29.33,22.72,5180,9.926051,78.11757,2025-01-03 12:50:00,1
636,Network_A,-46.13,2.43,3.97,8,90.89,13.5,5180,9.924673,78.121922,2025-01-03 12:55:00,2
637,Network_C,-61.26,4.03,17.43,5,55.58,22.15,5200,9.926803,78.117721,2025-01-03 13:00:00,0
638,Network_C,-68.14,2.96,21.19,9,43.09,18.42,5200,9.924857,78.119035,2025-01-03 13:05:00,0
639,Network_D,-63.35,3.73,22.79,7,50.15,17.5,2462,9.924346,78.119893,2025-01-03 13:10:00,0
640,Network_D,-54.49,4.64,20.47,10,59.73,11.52,2462,9.926405,78.120208,2025-01-03 13:15:00,0
641,Network_C,-51.01,3.16,23.08,4,71.7,8.78,5200,9.924124,78.119428,2025-01-03 13:20:00,2
642,Network_D,-57.56,1.73,17.32,5,67.86,14.57,2462,9.927032,78.119143,2025-01-03 13:25:00,2
643,Network_A,-52.81,2.01,7.26,6,85.48,8.15,5180,9.925638,78.119728,2025-01-03 13:30:00,2
644,Network_A,-57.64,3.44,11.51,4,87.79,9.07,5180,9.924722,78.120718,2025-01-03 13:35:00,2
645,Network_C,-66.66,2.91,31.8,7,49.61,16.93,5200,9.925902,78.118525,2025-01-03 13:40:00,1
646,Network_D,-65.88,4.46,29.74,8,56.63,18.87,2462,9.926852,78.119688,2025-01-03 13:45:00,1
647,Network_A,-54.07,2.4,20.96,4,68.97,10.52,5180,9.924538,78.119689,2025-01-03 13:50:00,2
648,Network_C,-58.22,3.47,23.94,7,41.66,18.99,5200,9.924578,78.118929,2025-01-03 13:55:00,0
649,Network_C,-62.41,1.8,27.73,4,56.84,22.25,5200,9.925114,78.118724,2025-01-03 14:00:00,2
650,Network_A,-54.91,2.25,20.82,4,63.45,19.15,5180,9.924909,78.118849,2025-01-03 14:05:00,2
651,Network_B,-67.63,2.48,31.27,5,43.56,19.77,2437,9.925532,78.120815,2025-01-03 14:10:00,1
652,Network_D,-64.09,3.71,30.67,7,32.53,18.51,2462,9.926129,78.121276,2025-01-03 14:15:00,1
653,Network_C,-77.23,3.36,50.0,3,26.34,11.37,5200,9.923847,78.118347,2025-01-03 14:20:00,1
654,Network_A,-48.53,2.7,11.79,3,77.44,13.41,5180,9.923414,78.119058,2025-01-03 14:25:00,2
655,Network_D,-55.23,3.21,11.92,10,50.14,22.24,2462,9.926291,78.120909,2025-01-03 14:30:00,0
656,Network_B,-55.38,1.79,19.93,3,71.85,17.92,2437,9.924209,78.119628,2025-01-03 14:35:00,2
657,Network_D,-69.47,3.48,44.69,4,37.23,19.84,2462,9.925306,78.120943,2025-01-03 14:40:00,1
658,Network_B,-76.54,3.29,32.71,10,27.11,22.53,2437,9.924383,78.121574,2025-01-03 14:45:00,1
659,Network_C,-70.85,4.98,25.67,11,41.66,11.47,5200,9.923381,78.119152,2025-01-03 14:50:00,1
660,Network_B,-69.49,3.52,34.02,7,29.09,12.83,2437,9.926141,78.119429,2025-01-03 14:55:00,1
661,Network_B,-66.89,3.21,21.41,8,54.82,17.67,2437,9.925622,78.120714,2025-01-03 15:00:00,0
662,Network_D,-55.8,3.29,13.5,6,74.06,8.37,2462,9.925893,78.120658,2025-01-03 15:05:00,2
663,Network_A,-83.9,4.67,50.0,11,5.0,16.57,5180,9.924147,78.11968,2025-01-03 15:10:00,1
664,Network_A,-54.39,1.95,20.5,7,60.11,20.13,5180,9.924675,78.12018,2025-01-03 15:15:00,0
665,Network_B,-64.52,2.49,30.29,6,53.62,17.16,2437,9.926101,78.120953,2025-01-03 15:20:00,1
666,Network_C,-42.05,3.17,3.96,4,93.24,12.43,5200,9.924658,78.119228,2025-01-03 15:25:00,2
667,Network_D,-48.76,3.11,4.26,8,76.2,18.86,2462,9.926758,78.120751,2025-01-03 15:30:00,0
668,Network_D,-61.78,2.22,17.76,9,65.66,10.19,2462,9.926872,78.122451,2025-01-03 15:35:00,0
669,Network_B,-49.04,2.73,9.2,4,73.73,21.42,2437,9.925598,78.12136,2025-01-03 15:40:00,2
670,Network_B,-51.95,2.06,18.72,3,72.76,9.51,2437,9.924318,78.121067,2025-01-03 15:45:00,2
671,Network_A,-55.57,3.62,11.91,14,44.58,20.95,5180,9.924595,78.119905,2025-01-03 15:50:00,0
672,Network_C,-75.73,2.37,50.0,3,25.91,15.47,5200,9.924622,78.118395,2025-01-03 15:55:00,1
673,Network_D,-68.97,3.74,28.89,4,40.73,14.43,2462,9.925479,78.121702,2025-01-03 16:00:00,1
674,Network_C,-74.73,1.73,35.94,5,38.3,15.51,5200,9.923856,78.119315,2025-01-03 16:05:00,1
675,Network_C,-48.81,1.85,4.62,5,100.76,11.0,5200,9.924756,78.118738,2025-01-03 16:10:00,2
676,Network_B,-70.41,3.13,25.47,5,52.7,14.87,2437,9.927744,78.120205,2025-01-03 16:15:00,1
677,Network_D,-44.91,3.66,14.45,3,84.83,20.75,2462,9.925709,78.120027,2025-01-03 16:20:00,2
678,Network_B,-63.93,3.39,36.34,3,33.34,20.01,2437,9.925798,78.121246,2025-01-03 16:25:00,1
679,Network_A,-63.11,2.49,23.34,6,62.34,10.45,5180,9.92415,78.120346,2025-01-03 16:30:00,2
680,Network_B,-58.25,3.84,15.71,4,73.12,18.1,2437,9.926795,78.120545,2025-01-03 16:35:00,2
681,Network_A,-48.09,2.05,7.69,8,66.42,20.85,5180,9.9259,78.119766,2025-01-03 16:40:00,2
682,Network_A,-60.37,3.05,17.56,5,63.33,20.3,5180,9.925845,78.119255,2025-01-03 16:45:00,0
683,Network_A,-68.07,3.39,31.38,4,54.86,14.38,5180,9.926288,78.118096,2025-01-03 16:50:00,1
684,Network_B,-69.28,2.09,37.57,2,44.63,8.72,2437,9.925458,78.11927,2025-01-03 16:55:00,1
685,Network_C,-53.38,3.46,12.98,6,68.57,21.97,5200,9.924458,78.118606,2025-01-03 17:00:00,0
686,Network_B,-76.32,3.6,50.0,7,33.18,13.94,2437,9.927168,78.119686,2025-01-03 17:05:00,1
687,Network_B,-61.9,4.25,29.96,8,47.8,13.41,2437,9.926306,78.120631,2025-01-03 17:10:00,1
688,Network_D,-47.27,1.34,9.31,6,72.68,19.39,2462,9.924325,78.121449,2025-01-03 17:15:00,2
689,Network_D,-52.47,3.41,8.11,8,73.55,11.96,2462,9.926464,78.120697,2025-01-03 17:20:00,0
690,Network_C,-47.47,1.91,15.0,2,90.55,20.52,5200,9.924235,78.120327,2025-01-03 17:25:00,2
691,Network_B,-54.71,3.46,12.96,4,70.2,9.14,2437,9.926519,78.119774,2025-01-03 17:30:00,2
692,Network_D,-64.86,2.72,21.51,4,64.35,19.11,2462,9.926427,78.120692,2025-01-03 17:35:00,2
693,Network_A,-61.5,4.53,16.48,9,41.02,22.49,5180,9.923808,78.119759,2025-01-03 17:40:00,0
694,Network_B,-56.58,3.15,13.62,5,65.1,22.94,2437,9.926015,78.121274,2025-01-03 17:45:00,0
695,Network_D,-54.66,3.17,6.21,9,57.39,21.86,2462,9.926269,78.120885,2025-01-03 17:50:00,0
696,Network_C,-64.68,3.8,23.76,6,44.37,21.06,5200,9.924991,78.119307,2025-01-03 17:55:00,1
697,Network_D,-51.1,3.36,5.93,6,95.49,12.18,2462,9.92656,78.119476,2025-01-03 18:00:00,2
698,Network_C,-63.33,3.89,30.02,7,28.65,22.5,5200,9.925897,78.11848,2025-01-03 18:05:00,1
699,Network_C,-45.29,1.59,4.85,10,72.88,21.92,5200,9.925031,78.120077,2025-01-03 18:10:00,0
700,Network_B,-57.84,2.3,5.75,8,85.49,16.02,2437,9.925818,78.11874,2025-01-03 18:15:00,2
701,Network_A,-53.89,3.38,9.28,3,91.73,14.03,5180,9.926118,78.120874,2025-01-03 18:20:00,2
702,Network_B,-55.65,1.7,12.28,5,66.28,9.64,2437,9.927594,78.1208,2025-01-03 18:25:00,2
703,Network_A,-49.37,3.56,10.82,6,71.03,16.86,5180,9.925932,78.119202,2025-01-03 18:30:00,2
704,Network_D,-52.38,3.09,12.25,4,73.72,18.51,2462,9.926265,78.120134,2025-01-03 18:35:00,2
705,Network_B,-59.71,2.29,18.94,5,69.33,14.06,2437,9.926146,78.121917,2025-01-03 18:40:00,2
706,Network_C,-49.55,1.4,9.41,7,81.28,14.09,5200,9.924905,78.120329,2025-01-03 18:45:00,2
707,Network_D,-53.06,2.42,19.05,5,64.14,16.6,2462,9.926115,78.120704,2025-01-03 18:50:00,2
708,Network_D,-47.16,4.16,3.98,5,84.23,8.42,2462,9.927832,78.120908,2025-01-03 18:55:00,2
709,Network_B,-56.45,2.48,9.2,8,53.14,22.37,2437,9.925201,78.119883,2025-01-03 19:00:00,0
710,Network_B,-47.07,1.9,5.61,5,88.63,12.35,2437,9.926724,78.120508,2025-01-03 19:05:00,2
711,Network_D,-64.81,2.35,29.82,5,70.94,10.11,2462,9.925999,78.120261,2025-01-03 19:10:00,2
712,Network_C,-50.27,3.27,10.16,3,81.56,8.08,5200,9.923516,78.119137,2025-01-03 19:15:00,2
713,Network_D,-61.43,2.78,22.89,5,47.95,20.85,2462,9.925949,78.122248,2025-01-03 19:20:00,0
714,Network_D,-47.73,2.75,5.13,9,62.05,20.95,2462,9.925663,78.120724,2025-01-03 19:25:00,0
715,Network_D,-73.08,5.54,37.2,11,30.56,9.43,2462,9.926562,78.119962,2025-01-03 19:30:00,1
716,Network_A,-52.34,3.47,17.06,6,73.45,10.28,5180,9.925273,78.118707,2025-01-03 19:35:00,2
717,Network_C,-49.49,2.06,15.91,5,72.88,14.72,5200,9.923882,78.119302,2025-01-03 19:40:00,2
718,Network_A,-46.72,1.58,6.25,5,87.03,10.79,5180,9.926377,78.119191,2025-01-03 19:45:00,2
719,Network_C,-51.18,3.36,8.55,4,76.26,19.04,5200,9.925572,78.119397,2025-01-03 19:50:00,2
720,Network_D,-52.06,3.3,13.88,8,73.4,8.87,2462,9.927369,78.119504,2025-01-03 19:55:00,2
721,Network_C,-49.22,1.56,8.74,6,104.46,16.25,5200,9.92489,78.119752,2025-01-03 20:00:00,2
722,Network_B,-53.24,1.86,28.09,6,69.06,13.74,2437,9.925771,78.119552,2025-01-03 20:05:00,2
723,Network_A,-56.85,2.47,16.75,8,63.59,14.97,5180,9.925763,78.119837,2025-01-03 20:10:00,0
724,Network_D,-48.33,1.81,8.8,6,78.46,14.37,2462,9.925638,78.120529,2025-01-03 20:15:00,2
725,Network_A,-59.06,1.22,25.57,4,55.66,10.3,5180,9.925304,78.121175,2025-01-03 20:20:00,2
726,Network_A,-55.01,2.2,12.79,7,77.62,11.3,5180,9.925059,78.119937,2025-01-03 20:25:00,2
727,Network_A,-59.91,1.93,24.89,3,74.25,8.97,5180,9.924031,78.121356,2025-01-03 20:30:00,2
728,Network_A,-53.56,2.86,11.59,8,67.6,9.73,5180,9.925302,78.120249,2025-01-03 20:35:00,2
729,Network_B,-59.39,4.84,21.96,8,56.39,22.67,2437,9.925447,78.12154,2025-01-03 20:40:00,0
730,Network_C,-48.92,2.68,12.52,6,80.6,12.2,5200,9.924506,78.119033,2025-01-03 20:45:00,2
731,Network_B,-62.43,3.15,28.09,6,62.12,12.61,2437,9.926091,78.120676,2025-01-03 20:50:00,1
732,Network_A,-47.02,2.4,5.18,2,100.92,9.91,5180,9.926218,78.120775,2025-01-03 20:55:00,2
733,Network_A,-52.38,2.75,7.34,7,72.26,19.33,5180,9.924521,78.120524,2025-01-03 21:00:00,2
734,Network_B,-61.11,3.45,14.64,7,47.2,21.86,2437,9.925531,78.120825,2025-01-03 21:05:00,0
735,Network_A,-49.14,3.79,10.43,10,64.14,19.85,5180,9.924588,78.119538,2025-01-03 21:10:00,0
736,Network_C,-54.65,2.81,12.29,5,84.22,17.19,5200,9.924036,78.119073,2025-01-03 21:15:00,2
737,Network_A,-54.99,5.02,23.47,4,61.39,20.2,5180,9.924724,78.12071,2025-01-03 21:20:00,0
738,Network_B,-50.38,3.25,12.13,4,88.25,14.06,2437,9.925643,78.121477,2025-01-03 21:25:00,2
739,Network_B,-54.13,1.66,19.46,3,61.93,20.89,2437,9.926269,78.119926,2025-01-03 21:30:00,2
740,Network_B,-54.53,3.65,9.17,9,69.81,19.98,2437,9.926056,78.119805,2025-01-03 21:35:00,0
741,Network_A,-50.69,1.88,4.68,5,89.84,8.03,5180,9.924355,78.119077,2025-01-03 21:40:00,2
742,Network_A,-66.29,3.74,24.8,7,42.41,15.32,5180,9.926235,78.120464,2025-01-03 21:45:00,1
743,Network_D,-66.87,2.72,42.28,7,36.58,11.97,2462,9.926856,78.120056,2025-01-03 21:50:00,1
744,Network_A,-54.11,1.61,18.26,3,86.75,9.29,5180,9.924479,78.120454,2025-01-03 21:55:00,2
745,Network_C,-50.73,3.23,15.13,6,59.3,20.69,5200,9.925679,78.119637,2025-01-03 22:00:00,0
746,Network_B,-50.99,3.81,17.12,6,66.46,8.12,2437,9.926062,78.119964,2025-01-03 22:05:00,2
747,Network_B,-67.45,3.48,34.17,4,47.53,18.95,2437,9.925675,78.121651,2025-01-03 22:10:00,1
748,Network_B,-55.66,3.72,18.39,6,75.05,22.82,2437,9.926086,78.11923,2025-01-03 22:15:00,0
749,Network_D,-62.71,3.7,25.52,7,49.51,15.23,2462,9.926079,78.122128,2025-01-03 22:20:00,1
750,Network_D,-67.98,3.7,24.85,8,51.65,13.57,2462,9.926536,78.121055,2025-01-03 22:25:00,1
751,Network_A,-65.33,2.92,29.52,6,54.0,17.09,5180,9.92535,78.118141,2025-01-03 22:30:00,1
752,Network_B,-51.86,3.42,14.93,5,67.68,20.07,2437,9.92553,78.121674,2025-01-03 22:35:00,2
753,Network_A,-55.77,3.87,11.49,7,73.29,11.6,5180,9.923579,78.120578,2025-01-03 22:40:00,0
754,Network_B,-63.77,3.62,22.1,9,47.46,11.76,2437,9.926222,78.120057,2025-01-03 22:45:00,0
755,Network_C,-60.88,2.47,28.28,2,64.98,17.11,5200,9.924401,78.118428,2025-01-03 22:50:00,2
756,Network_A,-56.54,4.46,31.52,5,38.16,22.1,5180,9.925822,78.118545,2025-01-03 22:55:00,1
757,Network_B,-76.59,3.48,36.69,6,35.83,12.48,2437,9.926185,78.122332,2025-01-03 23:00:00,1
758,Network_D,-63.5,3.85,26.78,9,54.99,13.65,2462,9.925822,78.120061,2025-01-03 23:05:00,0
759,Network_A,-53.64,3.25,11.12,6,65.66,22.9,5180,9.926018,78.118789,2025-01-03 23:10:00,0
760,Network_B,-58.92,2.78,18.25,5,78.06,10.64,2437,9.925964,78.120614,2025-01-03 23:15:00,2
761,Network_C,-55.95,2.0,17.29,4,80.23,9.15,5200,9.924831,78.11789,2025-01-03 23:20:00,2
762,Network_A,-53.24,3.29,16.17,6,73.11,16.85,5180,9.92509,78.119015,2025-01-03 23:25:00,2
763,Network_A,-54.19,2.56,22.13,3,71.3,8.36,5180,9.926547,78.120596,2025-01-03 23:30:00,2
764,Network_A,-52.93,4.23,14.11,5,74.24,10.71,5180,9.924629,78.120171,2025-01-03 23:35:00,2
765,Network_D,-51.11,3.74,14.13,7,62.02,17.33,2462,9.925842,78.120491,2025-01-03 23:40:00,0
766,Network_A,-67.01,2.84,43.82,4,41.25,17.89,5180,9.92421,78.119815,2025-01-03 23:45:00,1
767,Network_A,-48.55,2.83,15.41,2,90.59,15.66,5180,9.925781,78.119446,2025-01-03 23:50:00,2
768,Network_A,-67.59,3.74,29.39,7,61.07,13.76,5180,9.924734,78.11975,2025-01-03 23:55:00,1
769,Network_A,-64.09,4.57,30.41,7,54.13,16.64,5180,9.924824,78.119191,2025-01-04 00:00:00,1
770,Network_C,-57.26,2.98,18.55,8,54.37,17.65,5200,9.924286,78.118736,2025-01-04 00:05:00,0
771,Network_A,-54.46,2.37,14.46,2,66.89,20.05,5180,9.92525,78.119311,2025-01-04 00:10:00,2
772,Network_C,-55.98,2.38,9.39,4,74.04,19.89,5200,9.923699,78.118619,2025-01-04 00:15:00,2
773,Network_C,-57.32,2.77,5.88,6,81.99,17.97,5200,9.922905,78.120035,2025-01-04 00:20:00,2
774,Network_D,-60.12,2.45,23.08,6,51.28,21.41,2462,9.926466,78.121416,2025-01-04 00:25:00,0
775,Network_A,-63.75,4.81,20.37,13,38.76,20.57,5180,9.923509,78.119054,2025-01-04 00:30:00,0
776,Network_D,-69.17,4.08,25.14,9,42.19,10.0,2462,9.926783,78.119844,2025-01-04 00:35:00,1
777,Network_C,-50.78,4.27,11.94,8,68.74,22.35,5200,9.925947,78.119074,2025-01-04 00:40:00,0
778,Network_A,-73.21,3.37,46.48,4,15.76,21.38,5180,9.925069,78.121524,2025-01-04 00:45:00,1
779,Network_D,-52.15,2.43,21.45,4,88.9,12.81,2462,9.92714,78.119978,2025-01-04 00:50:00,2
780,Network_D,-54.61,3.77,15.06,7,61.53,8.3,2462,9.926081,78.120671,2025-01-04 00:55:00,0
781,Network_A,-51.72,1.88,4.55,5,92.68,17.06,5180,9.926479,78.119871,2025-01-04 01:00:00,2
782,Network_D,-51.86,3.77,12.76,6,75.29,14.58,2462,9.925735,78.120713,2025-01-04 01:05:00,2
783,Network_B,-60.42,4.27,25.85,7,51.39,19.24,2437,9.923908,78.120033,2025-01-04 01:10:00,0
784,Network_C,-71.97,4.67,36.13,7,36.2,15.87,5200,9.924636,78.120124,2025-01-04 01:15:00,1
785,Network_D,-64.6,3.83,16.51,9,56.49,9.15,2462,9.927466,78.121164,2025-01-04 01:20:00,0
786,Network_B,-71.68,3.36,39.66,7,39.42,11.67,2437,9.926228,78.121077,2025-01-04 01:25:00,1
787,Network_D,-57.04,3.25,8.97,8,69.98,21.24,2462,9.925688,78.121272,2025-01-04 01:30:00,0
788,Network_B,-54.4,3.4,20.74,6,80.34,8.57,2437,9.926063,78.121115,2025-01-04 01:35:00,2
789,Network_D,-59.84,2.48,21.09,5,64.89,19.05,2462,9.926877,78.122068,2025-01-04 01:40:00,2
790,Network_C,-52.68,4.05,23.19,5,85.27,12.38,5200,9.924632,78.120265,2025-01-04 01:45:00,2
791,Network_A,-66.43,3.67,17.9,7,57.82,14.79,5180,9.927301,78.12166,2025-01-04 01:50:00,0
792,Network_B,-58.8,2.55,20.06,7,71.31,15.97,2437,9.925386,78.121374,2025-01-04 01:55:00,2
793,Network_B,-45.43,4.31,8.85,6,89.93,11.75,2437,9.926602,78.119864,2025-01-04 02:00:00,2
794,Network_A,-70.21,3.33,34.08,5,40.79,17.78,5180,9.92581,78.120478,2025-01-04 02:05:00,1
795,Network_A,-62.23,2.04,27.68,4,60.47,18.4,5180,9.92464,78.120368,2025-01-04 02:10:00,2
796,Network_B,-60.65,2.59,19.59,7,65.31,9.28,2437,9.92546,78.121936,2025-01-04 02:15:00,2
797,Network_A,-65.48,4.29,28.07,5,55.48,13.61,5180,9.926014,78.119026,2025-01-04 02:20:00,1
798,Network_A,-70.59,5.63,34.73,10,31.36,19.17,5180,9.925316,78.120246,2025-01-04 02:25:00,1
799,Network_C,-65.53,3.96,22.99,6,60.08,18.82,5200,9.92497,78.118655,2025-01-04 02:30:00,0
800,Network_C,-78.01,4.87,49.49,6,24.88,16.17,5200,9.923391,78.11961,2025-01-04 02:35:00,1
801,Network_C,-55.43,3.44,24.14,2,47.46,19.67,5200,9.925225,78.119028,2025-01-04 02:40:00,2
802,Network_B,-52.55,3.27,9.67,6,92.55,9.61,2437,9.92603,78.120784,2025-01-04 02:45:00,2
803,Network_D,-60.86,3.14,19.01,5,64.55,9.77,2462,9.926049,78.119672,2025-01-04 02:50:00,2
804,Network_C,-60.85,3.91,28.72,7,45.94,17.86,5200,9.924989,78.119835,2025-01-04 02:55:00,1
805,Network_A,-67.76,4.58,34.75,9,25.97,18.4,5180,9.924873,78.119965,2025-01-04 03:00:00,1
806,Network_A,-62.25,2.62,18.12,7,51.75,20.22,5180,9.924726,78.119922,2025-01-04 03:05:00,0
807,Network_C,-55.67,3.22,9.23,5,74.69,10.72,5200,9.924506,78.12076,2025-01-04 03:10:00,2
808,Network_A,-57.59,3.92,14.28,5,67.69,15.75,5180,9.924829,78.119494,2025-01-04 03:15:00,0
809,Network_C,-47.78,2.59,7.02,6,78.35,17.91,5200,9.926444,78.119474,2025-01-04 03:20:00,2
810,Network_D,-62.76,3.33,25.63,8,56.29,11.36,2462,9.926829,78.12088,2025-01-04 03:25:00,1
811,Network_A,-50.47,3.28,12.66,6,95.1,15.75,5180,9.924425,78.119958,2025-01-04 03:30:00,2
812,Network_A,-54.49,2.51,10.59,7,79.31,17.58,5180,9.926829,78.121577,2025-01-04 03:35:00,2
813,Network_D,-66.74,2.2,27.14,6,61.53,11.22,2462,9.925754,78.120851,2025-01-04 03:40:00,1
814,Network_C,-66.3,4.3,39.19,5,43.6,13.63,5200,9.924724,78.118746,2025-01-04 03:45:00,1
815,Network_A,-55.38,2.66,10.56,7,73.91,11.25,5180,9.925918,78.121297,2025-01-04 03:50:00,2
816,Network_D,-57.38,3.23,18.2,7,59.77,21.54,2462,9.924524,78.120554,2025-01-04 03:55:00,0
817,Network_D,-60.21,2.28,14.64,5,65.54,11.55,2462,9.92591,78.119516,2025-01-04 04:00:00,2
818,Network_C,-69.09,4.13,35.7,4,45.88,9.81,5200,9.924241,78.118607,2025-01-04 04:05:00,1
819,Network_C,-48.84,3.11,15.67,3,93.09,8.53,5200,9.924864,78.118203,2025-01-04 04:10:00,2
820,Network_B,-55.73,2.97,8.72,8,80.13,8.67,2437,9.926096,78.11896,2025-01-04 04:15:00,2
821,Network_A,-50.82,1.68,16.12,4,81.87,10.87,5180,9.925138,78.11951,2025-01-04 04:20:00,2
822,Network_C,-76.0,3.27,31.35,7,28.08,17.12,5200,9.924601,78.119144,2025-01-04 04:25:00,1
823,Network_B,-55.92,3.21,14.13,5,72.92,8.26,2437,9.926652,78.121344,2025-01-04 04:30:00,2
824,Network_C,-56.09,3.55,11.23,9,54.96,12.3,5200,9.924941,78.119704,2025-01-04 04:35:00,0
825,Network_D,-51.04,3.59,15.24,9,68.88,8.87,2462,9.926133,78.121267,2025-01-04 04:40:00,0
826,Network_A,-55.85,2.97,8.89,6,78.62,14.05,5180,9.925318,78.119085,2025-01-04 04:45:00,2
827,Network_C,-52.22,3.55,14.63,6,73.55,8.73,5200,9.926169,78.119908,2025-01-04 04:50:00,2
828,Network_A,-44.31,1.94,11.74,1,100.61,17.11,5180,9.925338,78.120913,2025-01-04 04:55:00,2
829,Network_D,-79.89,4.01,50.0,5,26.29,18.33,2462,9.925688,78.121116,2025-01-04 05:00:00,1
830,Network_A,-49.26,1.74,5.02,5,86.55,18.97,5180,9.923673,78.120138,2025-01-04 05:05:00,2
831,Network_C,-52.0,5.04,9.65,7,67.35,11.37,5200,9.923553,78.118188,2025-01-04 05:10:00,0
832,Network_C,-60.42,2.99,11.23,8,55.0,21.03,5200,9.924326,78.120044,2025-01-04 05:15:00,0
833,Network_B,-52.12,2.79,8.92,5,83.37,18.35,2437,9.925713,78.121825,2025-01-04 05:20:00,2
834,Network_C,-53.85,3.55,20.86,6,82.13,8.85,5200,9.924256,78.119458,2025-01-04 05:25:00,2
835,Network_C,-49.2,2.33,10.45,5,82.25,14.61,5200,9.924981,78.118725,2025-01-04 05:30:00,2
836,Network_C,-48.52,2.39,6.61,4,90.02,19.52,5200,9.924245,78.11907,2025-01-04 05:35:00,2
837,Network_D,-64.25,4.63,17.24,15,45.06,12.66,2462,9.925368,78.120464,2025-01-04 05:40:00,0
838,Network_D,-51.94,2.19,13.64,6,75.15,13.72,2462,9.92659,78.120512,2025-01-04 05:45:00,2
839,Network_B,-47.49,2.84,10.75,4,96.82,17.44,2437,9.926896,78.120918,2025-01-04 05:50:00,2
840,Network_C,-69.59,1.96,35.17,5,56.13,8.83,5200,9.923814,78.119424,2025-01-04 05:55:00,1
841,Network_A,-57.59,5.41,21.28,11,52.16,22.5,5180,9.925395,78.120603,2025-01-04 06:00:00,0
842,Network_D,-53.06,3.71,19.88,6,74.65,10.62,2462,9.924576,78.121097,2025-01-04 06:05:00,2
843,Network_C,-56.71,3.63,21.56,6,85.14,8.4,5200,9.92352,78.118509,2025-01-04 06:10:00,2
844,Network_B,-64.16,2.07,20.91,8,49.34,8.08,2437,9.925329,78.119999,2025-01-04 06:15:00,1
845,Network_A,-58.62,2.3,14.06,6,87.06,13.99,5180,9.926108,78.11935,2025-01-04 06:20:00,2
846,Network_D,-57.14,4.67,10.52,10,60.95,21.26,2462,9.925477,78.120651,2025-01-04 06:25:00,0
847,Network_B,-61.01,7.24,17.46,11,55.87,20.3,2437,9.925147,78.121836,2025-01-04 06:30:00,0
848,Network_C,-61.51,3.88,13.91,6,55.51,21.68,5200,9.924729,78.120764,2025-01-04 06:35:00,0
849,Network_A,-45.77,3.35,4.99,5,98.54,16.01,5180,9.92523,78.120469,2025-01-04 06:40:00,2
850,Network_D,-43.96,2.85,8.47,4,105.0,14.73,2462,9.925472,78.120895,2025-01-04 06:45:00,2
851,Network_A,-51.46,2.22,12.87,6,69.06,13.79,5180,9.926789,78.118711,2025-01-04 06:50:00,2
852,Network_A,-65.97,4.06,27.48,6,51.71,8.7,5180,9.924988,78.119976,2025-01-04 06:55:00,1
853,Network_D,-57.26,1.6,17.51,3,50.46,21.64,2462,9.926191,78.120168,2025-01-04 07:00:00,2
854,Network_D,-49.43,1.67,9.43,5,83.54,15.44,2462,9.925779,78.122104,2025-01-04 07:05:00,2
855,Network_A,-51.25,1.76,8.06,6,75.04,14.83,5180,9.925552,78.118515,2025-01-04 07:10:00,2
856,Network_B,-61.98,3.78,31.01,4,57.81,15.73,2437,9.926788,78.120708,2025-01-04 07:15:00,1
857,Network_C,-54.19,3.26,14.45,8,86.15,19.91,5200,9.926031,78.118501,2025-01-04 07:20:00,0
858,Network_D,-45.92,3.28,3.36,9,95.8,11.37,2462,9.92549,78.120792,2025-01-04 07:25:00,2
859,Network_B,-64.19,3.84,15.01,11,35.75,18.65,2437,9.926681,78.120933,2025-01-04 07:30:00,0
860,Network_C,-59.25,2.1,24.06,5,65.79,18.66,5200,9.92514,78.120018,2025-01-04 07:35:00,2
861,Network_D,-51.1,2.06,7.91,5,83.43,20.74,2462,9.92688,78.120751,2025-01-04 07:40:00,2
862,Network_C,-55.76,2.32,16.72,5,70.78,8.13,5200,9.924626,78.119809,2025-01-04 07:45:00,2
863,Network_D,-56.13,2.44,17.68,9,63.04,10.56,2462,9.92595,78.12027,2025-01-04 07:50:00,0
864,Network_C,-45.93,2.2,8.19,5,91.43,15.07,5200,9.925449,78.119396,2025-01-04 07:55:00,2
865,Network_A,-63.76,3.07,32.69,9,24.82,20.76,5180,9.925964,78.120602,2025-01-04 08:00:00,1
866,Network_D,-56.21,3.67,17.86,7,47.6,22.48,2462,9.927353,78.121066,2025-01-04 08:05:00,0
867,Network_D,-52.38,3.07,12.83,4,83.69,16.92,2462,9.926259,78.120377,2025-01-04 08:10:00,2
868,Network_D,-58.54,2.45,14.51,9,62.5,11.18,2462,9.926014,78.120577,2025-01-04 08:15:00,0
869,Network_A,-58.0,2.71,7.32,7,67.34,10.77,5180,9.923232,78.120613,2025-01-04 08:20:00,2
870,Network_A,-41.99,3.7,7.15,3,91.61,17.59,5180,9.923911,78.118927,2025-01-04 08:25:00,2
871,Network_D,-54.57,2.1,12.12,6,74.65,11.15,2462,9.925785,78.120045,2025-01-04 08:30:00,2
872,Network_A,-52.45,3.42,12.58,7,81.42,16.3,5180,9.924319,78.120281,2025-01-04 08:35:00,2
873,Network_D,-54.45,3.55,13.94,9,58.36,20.52,2462,9.926751,78.120449,2025-01-04 08:40:00,0
874,Network_B,-72.75,4.31,34.41,6,54.36,13.85,2437,9.924752,78.119238,2025-01-04 08:45:00,1
875,Network_C,-65.13,3.58,23.29,7,48.69,13.68,5200,9.924299,78.120281,2025-01-04 08:50:00,1
876,Network_D,-42.71,2.37,5.38,6,93.24,8.54,2462,9.92573,78.11992,2025-01-04 08:55:00,2
877,Network_B,-62.33,3.04,30.6,4,56.71,11.81,2437,9.926764,78.12024,2025-01-04 09:00:00,1
878,Network_B,-53.77,2.59,12.07,4,83.33,18.47,2437,9.925313,78.119904,2025-01-04 09:05:00,2
879,Network_C,-64.61,3.66,24.63,9,42.09,13.41,5200,9.925062,78.118962,2025-01-04 09:10:00,1
880,Network_C,-51.08,2.2,12.65,8,88.31,10.37,5200,9.924857,78.118492,2025-01-04 09:15:00,2
881,Network_B,-52.83,4.0,17.19,6,59.69,9.59,2437,9.926523,78.120971,2025-01-04 09:20:00,0
882,Network_C,-58.03,3.98,7.63,8,83.77,9.43,5200,9.92538,78.119289,2025-01-04 09:25:00,0
883,Network_D,-49.74,1.87,19.5,4,78.77,17.89,2462,9.926073,78.121587,2025-01-04 09:30:00,2
884,Network_B,-59.53,3.18,26.31,7,61.35,17.19,2437,9.924443,78.119913,2025-01-04 09:35:00,0
885,Network_A,-48.95,2.37,5.9,5,98.75,15.78,5180,9.925015,78.121506,2025-01-04 09:40:00,2
886,Network_B,-68.32,2.5,26.55,7,55.64,15.5,2437,9.925784,78.118876,2025-01-04 09:45:00,1
887,Network_B,-48.9,1.53,10.49,7,73.44,10.3,2437,9.926029,78.119132,2025-01-04 09:50:00,2
888,Network_A,-71.06,3.25,41.02,7,40.13,15.51,5180,9.92461,78.121202,2025-01-04 09:55:00,1
889,Network_A,-64.72,2.38,24.9,3,79.19,8.9,5180,9.926113,78.120179,2025-01-04 10:00:00,2
890,Network_C,-62.68,2.35,22.39,8,37.68,21.89,5200,9.924711,78.119473,2025-01-04 10:05:00,0
891,Network_B,-40.56,2.73,14.56,4,109.19,8.87,2437,9.925064,78.120745,2025-01-04 10:10:00,2
892,Network_D,-77.83,4.76,50.0,6,27.94,14.35,2462,9.925733,78.121257,2025-01-04 10:15:00,1
893,Network_A,-57.14,3.74,12.11,7,66.76,8.01,5180,9.926743,78.12004,2025-01-04 10:20:00,0
894,Network_A,-51.42,1.97,8.59,2,79.08,19.79,5180,9.925732,78.119027,2025-01-04 10:25:00,2
895,Network_D,-47.07,1.74,10.71,8,76.36,10.49,2462,9.926939,78.121455,2025-01-04 10:30:00,2
896,Network_D,-60.95,3.88,29.14,6,31.15,21.87,2462,9.925267,78.121329,2025-01-04 10:35:00,1
897,Network_B,-50.81,3.12,16.99,6,71.96,8.66,2437,9.925249,78.121543,2025-01-04 10:40:00,2
898,Network_A,-55.4,3.49,15.53,7,60.59,20.31,5180,9.924655,78.121211,2025-01-04 10:45:00,0
899,Network_A,-48.33,4.43,12.22,6,70.93,17.85,5180,9.925348,78.120064,2025-01-04 10:50:00,0
900,Network_C,-58.58,2.3,15.06,6,75.34,11.75,5200,9.924561,78.118218,2025-01-04 10:55:00,2
901,Network_B,-52.37,0.57,11.72,6,76.0,11.04,2437,9.925408,78.121818,2025-01-04 11:00:00,2
902,Network_A,-64.13,3.23,23.65,11,39.06,13.37,5180,9.924909,78.118985,2025-01-04 11:05:00,0
903,Network_A,-50.61,3.67,13.76,8,63.05,20.43,5180,9.924565,78.12007,2025-01-04 11:10:00,0
904,Network_B,-51.16,2.87,10.83,6,74.56,20.93,2437,9.925656,78.120195,2025-01-04 11:15:00,2
905,Network_D,-67.71,2.66,27.71,8,46.38,10.63,2462,9.926991,78.120455,2025-01-04 11:20:00,1
906,Network_C,-48.13,1.12,8.75,3,86.51,13.3,5200,9.923489,78.119811,2025-01-04 11:25:00,2
907,Network_B,-63.24,2.72,17.13,6,64.37,11.56,2437,9.926077,78.120596,2025-01-04 11:30:00,2
908,Network_A,-58.82,1.89,4.97,7,73.59,9.84,5180,9.926304,78.120211,2025-01-04 11:35:00,2
909,Network_A,-44.71,2.81,6.83,4,83.59,17.7,5180,9.925053,78.119147,2025-01-04 11:40:00,2
910,Network_B,-54.37,2.39,12.88,5,75.38,13.19,2437,9.925377,78.120261,2025-01-04 11:45:00,2
911,Network_D,-54.88,2.55,11.6,7,77.4,11.38,2462,9.926839,78.120184,2025-01-04 11:50:00,2
912,Network_D,-53.21,2.98,11.59,10,62.86,20.99,2462,9.925313,78.120641,2025-01-04 11:55:00,0
913,Network_D,-54.28,3.06,25.03,4,65.06,19.22,2462,9.926082,78.120705,2025-01-04 12:00:00,2
914,Network_D,-59.2,3.08,25.9,5,63.53,19.61,2462,9.925268,78.122275,2025-01-04 12:05:00,0
915,Network_D,-47.43,2.68,19.14,3,77.15,8.59,2462,9.924604,78.120592,2025-01-04 12:10:00,2
916,Network_D,-51.6,3.48,8.48,9,55.78,21.73,2462,9.925978,78.1191,2025-01-04 12:15:00,0
917,Network_A,-56.63,3.44,14.99,9,61.15,16.62,5180,9.924189,78.120916,2025-01-04 12:20:00,0
918,Network_A,-70.64,2.33,44.47,3,55.92,15.56,5180,9.925191,78.120159,2025-01-04 12:25:00,1
919,Network_B,-84.84,3.61,50.0,8,14.11,8.16,2437,9.926692,78.120295,2025-01-04 12:30:00,1
920,Network_C,-61.49,3.32,27.87,8,40.45,21.46,5200,9.926183,78.11885,2025-01-04 12:35:00,0
921,Network_A,-60.82,4.45,8.67,6,84.37,16.16,5180,9.925275,78.119042,2025-01-04 12:40:00,0
922,Network_D,-58.44,2.06,15.06,7,57.74,20.38,2462,9.926915,78.12235,2025-01-04 12:45:00,0
923,Network_C,-56.37,2.52,18.4,5,87.86,17.83,5200,9.925019,78.119241,2025-01-04 12:50:00,2
924,Network_C,-57.68,2.72,16.8,4,64.31,19.95,5200,9.924394,78.11781,2025-01-04 12:55:00,2
925,Network_A,-62.85,2.36,29.6,2,54.31,18.39,5180,9.92366,78.120062,2025-01-04 13:00:00,1
926,Network_A,-59.3,5.13,24.39,12,34.52,21.81,5180,9.926501,78.120765,2025-01-04 13:05:00,0
927,Network_A,-46.45,2.54,8.4,6,83.88,11.38,5180,9.924361,78.119925,2025-01-04 13:10:00,2
928,Network_D,-56.18,2.85,10.98,7,65.53,11.03,2462,9.927206,78.120079,2025-01-04 13:15:00,2
929,Network_C,-68.05,4.47,27.8,9,60.14,18.69,5200,9.925129,78.118407,2025-01-04 13:20:00,0
930,Network_C,-72.41,4.73,35.09,5,46.44,15.52,5200,9.923919,78.118466,2025-01-04 13:25:00,1
931,Network_B,-51.03,3.45,18.54,2,88.44,16.99,2437,9.92605,78.121617,2025-01-04 13:30:00,2
932,Network_B,-70.88,3.41,37.67,6,33.76,18.63,2437,9.927506,78.120343,2025-01-04 13:35:00,1
933,Network_B,-63.62,2.79,17.31,5,60.96,16.21,2437,9.927029,78.119057,2025-01-04 13:40:00,2
934,Network_D,-51.92,3.03,9.27,7,79.89,19.82,2462,9.92569,78.121107,2025-01-04 13:45:00,2
935,Network_D,-59.56,3.46,23.1,7,46.28,12.78,2462,9.92553,78.120913,2025-01-04 13:50:00,0
936,Network_A,-73.15,2.97,50.0,5,15.1,20.88,5180,9.92528,78.119441,2025-01-04 13:55:00,1
937,Network_D,-49.57,3.33,7.35,5,84.41,9.62,2462,9.925968,78.119984,2025-01-04 14:00:00,2
938,Network_A,-71.73,3.85,36.83,7,47.62,17.51,5180,9.92616,78.118949,2025-01-04 14:05:00,1
939,Network_D,-52.88,3.28,22.34,7,54.91,21.35,2462,9.926692,78.121669,2025-01-04 14:10:00,0
940,Network_A,-51.36,1.65,10.6,5,85.58,11.79,5180,9.923846,78.119998,2025-01-04 14:15:00,2
941,Network_A,-43.09,2.22,5.03,3,99.91,12.9,5180,9.925567,78.120183,2025-01-04 14:20:00,2
942,Network_D,-48.5,0.81,4.21,4,102.84,12.58,2462,9.925957,78.120996,2025-01-04 14:25:00,2
943,Network_A,-50.16,2.4,11.57,6,67.29,16.46,5180,9.92523,78.120062,2025-01-04 14:30:00,2
944,Network_B,-64.38,2.64,20.24,6,65.85,14.19,2437,9.925999,78.120025,2025-01-04 14:35:00,2
945,Network_B,-66.35,3.83,26.61,8,46.32,9.62,2437,9.926759,78.120235,2025-01-04 14:40:00,1
946,Network_A,-70.83,5.02,30.3,7,42.25,21.37,5180,9.925982,78.120732,2025-01-04 14:45:00,1
947,Network_C,-62.09,3.88,19.19,8,50.97,11.07,5200,9.9241,78.120332,2025-01-04 14:50:00,0
948,Network_D,-51.75,4.18,17.47,6,74.23,16.01,2462,9.926053,78.119822,2025-01-04 14:55:00,0
949,Network_D,-53.69,2.88,13.14,3,82.72,16.92,2462,9.925741,78.120633,2025-01-04 15:00:00,2
950,Network_B,-54.07,3.63,20.53,4,66.92,8.61,2437,9.924455,78.121071,2025-01-04 15:05:00,2
951,Network_C,-44.48,3.97,10.7,4,81.18,9.44,5200,9.924613,78.120706,2025-01-04 15:10:00,2
952,Network_A,-47.73,1.64,7.57,3,77.58,22.58,5180,9.926676,78.121226,2025-01-04 15:15:00,2
953,Network_A,-51.47,2.18,16.83,5,76.59,17.97,5180,9.92383,78.119163,2025-01-04 15:20:00,2
954,Network_A,-57.1,3.21,25.43,3,65.03,8.5,5180,9.925181,78.12082,2025-01-04 15:25:00,2
955,Network_D,-47.49,2.38,6.7,4,83.09,19.91,2462,9.926055,78.120847,2025-01-04 15:30:00,2
956,Network_D,-47.22,2.51,11.57,3,75.77,15.63,2462,9.92633,78.121636,2025-01-04 15:35:00,2
957,Network_D,-45.14,2.07,16.46,2,88.9,9.13,2462,9.92533,78.121431,2025-01-04 15:40:00,2
958,Network_C,-55.82,1.97,16.26,3,84.95,18.21,5200,9.92356,78.118189,2025-01-04 15:45:00,2
959,Network_B,-66.23,4.97,21.99,9,54.43,15.49,2437,9.924697,78.12084,2025-01-04 15:50:00,0
960,Network_C,-77.89,2.79,43.72,6,28.83,11.07,5200,9.925765,78.120005,2025-01-04 15:55:00,1
961,Network_C,-44.17,3.23,4.23,6,84.78,21.17,5200,9.923914,78.119184,2025-01-04 16:00:00,2
962,Network_B,-72.76,4.66,44.88,9,18.79,12.37,2437,9.9254,78.120203,2025-01-04 16:05:00,1
963,Network_A,-75.22,2.38,42.56,6,45.92,12.27,5180,9.926884,78.118543,2025-01-04 16:10:00,1
964,Network_A,-69.61,2.23,26.88,4,71.95,12.09,5180,9.924613,78.120347,2025-01-04 16:15:00,2
965,Network_D,-59.11,2.33,18.33,5,65.39,19.51,2462,9.926374,78.120967,2025-01-04 16:20:00,2
966,Network_B,-50.24,3.3,10.82,6,98.0,18.59,2437,9.926651,78.119662,2025-01-04 16:25:00,2
967,Network_D,-65.71,3.49,26.68,9,31.23,21.55,2462,9.926913,78.120539,2025-01-04 16:30:00,1
968,Network_A,-56.96,2.98,18.9,6,58.01,11.44,5180,9.924135,78.119924,2025-01-04 16:35:00,2
969,Network_C,-60.64,2.65,13.31,11,43.94,19.8,5200,9.924129,78.118753,2025-01-04 16:40:00,0
970,Network_A,-56.62,4.74,26.27,4,66.45,16.6,5180,9.925442,78.119802,2025-01-04 16:45:00,0
971,Network_A,-61.08,3.0,29.0,4,80.43,12.63,5180,9.926743,78.1184,2025-01-04 16:50:00,2
972,Network_A,-66.65,4.03,34.92,7,41.84,8.53,5180,9.924591,78.12088,2025-01-04 16:55:00,1
973,Network_A,-56.74,3.48,10.12,12,45.16,20.28,5180,9.924805,78.119813,2025-01-04 17:00:00,0
974,Network_D,-65.19,3.05,32.29,7,40.27,11.62,2462,9.926436,78.119921,2025-01-04 17:05:00,1
975,Network_B,-51.41,4.27,13.46,5,88.23,17.48,2437,9.926296,78.118432,2025-01-04 17:10:00,2
976,Network_C,-61.05,1.51,18.36,6,72.51,16.23,5200,9.925244,78.120023,2025-01-04 17:15:00,2
977,Network_B,-59.96,3.86,20.54,9,51.95,8.07,2437,9.925123,78.120846,2025-01-04 17:20:00,0
978,Network_B,-60.42,2.02,30.74,4,34.41,22.92,2437,9.925374,78.120569,2025-01-04 17:25:00,1
979,Network_C,-56.83,2.87,24.7,6,48.33,20.21,5200,9.924872,78.119891,2025-01-04 17:30:00,0
980,Network_A,-51.4,2.22,13.17,5,94.06,15.3,5180,9.92621,78.120489,2025-01-04 17:35:00,2
981,Network_D,-51.25,1.72,4.45,5,90.07,18.21,2462,9.925909,78.120956,2025-01-04 17:40:00,2
982,Network_D,-61.04,2.79,21.83,4,67.86,15.15,2462,9.926082,78.120597,2025-01-04 17:45:00,2
983,Network_D,-60.58,1.33,17.91,8,70.53,19.17,2462,9.925279,78.120466,2025-01-04 17:50:00,2
984,Network_B,-46.69,1.97,7.3,3,110.24,10.01,2437,9.927291,78.120737,2025-01-04 17:55:00,2
985,Network_A,-56.57,2.63,19.2,4,73.27,14.7,5180,9.925323,78.120918,2025-01-04 18:00:00,2
986,Network_D,-60.52,1.9,16.34,6,66.42,13.03,2462,9.926962,78.120718,2025-01-04 18:05:00,2
987,Network_B,-70.69,4.3,34.72,4,43.85,14.89,2437,9.925824,78.121581,2025-01-04 18:10:00,1
988,Network_A,-85.06,3.45,46.71,7,15.48,14.76,5180,9.925268,78.120099,2025-01-04 18:15:00,1
989,Network_B,-77.35,3.28,28.57,7,26.8,10.15,2437,9.9246,78.120705,2025-01-04 18:20:00,1
990,Network_D,-57.08,2.68,15.77,7,44.32,22.65,2462,9.924379,78.122724,2025-01-04 18:25:00,0
991,Network_C,-43.72,2.23,17.24,2,78.85,8.23,5200,9.925702,78.120522,2025-01-04 18:30:00,2
992,Network_D,-46.45,4.23,9.91,8,88.01,8.15,2462,9.926162,78.122143,2025-01-04 18:35:00,2
993,Network_D,-56.5,4.83,11.06,6,61.84,13.6,2462,9.926265,78.120162,2025-01-04 18:40:00,0
994,Network_A,-52.9,3.2,15.23,4,95.01,17.31,5180,9.924201,78.121554,2025-01-04 18:45:00,2
995,Network_D,-57.84,3.27,14.28,3,72.89,10.69,2462,9.925378,78.120734,2025-01-04 18:50:00,2
996,Network_B,-55.24,4.13,7.07,6,92.42,16.0,2437,9.92665,78.120218,2025-01-04 18:55:00,2
997,Network_C,-73.8,3.83,34.94,7,30.69,18.84,5200,9.926092,78.117473,2025-01-04 19:00:00,1
998,Network_A,-67.31,4.06,37.86,2,42.23,9.41,5180,9.924703,78.120061,2025-01-04 19:05:00,1
999,Network_D,-69.31,4.25,34.27,7,40.79,22.77,2462,9.926637,78.119933,2025-01-04 19:10:00,1
1000,Network_B,-71.3,4.02,38.63,8,45.41,13.05,2437,9.925952,78.120727,2025-01-04 19:15:00,1
